-- MySQL dump 10.13  Distrib 8.0.30, for Win64 (x86_64)
--
-- Host: 127.0.0.1    Database: flytau
-- ------------------------------------------------------
-- Server version	8.0.30

/*!40101 SET @OLD_CHARACTER_SET_CLIENT=@@CHARACTER_SET_CLIENT */;
/*!40101 SET @OLD_CHARACTER_SET_RESULTS=@@CHARACTER_SET_RESULTS */;
/*!40101 SET @OLD_COLLATION_CONNECTION=@@COLLATION_CONNECTION */;
/*!50503 SET NAMES utf8 */;
/*!40103 SET @OLD_TIME_ZONE=@@TIME_ZONE */;
/*!40103 SET TIME_ZONE='+00:00' */;
/*!40014 SET @OLD_UNIQUE_CHECKS=@@UNIQUE_CHECKS, UNIQUE_CHECKS=0 */;
/*!40014 SET @OLD_FOREIGN_KEY_CHECKS=@@FOREIGN_KEY_CHECKS, FOREIGN_KEY_CHECKS=0 */;
/*!40101 SET @OLD_SQL_MODE=@@SQL_MODE, SQL_MODE='NO_AUTO_VALUE_ON_ZERO' */;
/*!40111 SET @OLD_SQL_NOTES=@@SQL_NOTES, SQL_NOTES=0 */;

--
-- Table structure for table `aircraft`
--

DROP TABLE IF EXISTS `aircraft`;
/*!40101 SET @saved_cs_client     = @@character_set_client */;
/*!50503 SET character_set_client = utf8mb4 */;
CREATE TABLE `aircraft` (
  `aircraft_id` int NOT NULL AUTO_INCREMENT,
  `manufacturer` varchar(20) NOT NULL,
  `size` varchar(30) NOT NULL,
  `purchase_date` date DEFAULT NULL,
  PRIMARY KEY (`aircraft_id`),
  CONSTRAINT `aircraft_chk_1` CHECK ((`manufacturer` in (_utf8mb4'Boeing',_utf8mb4'Airbus',_utf8mb4'Dassault'))),
  CONSTRAINT `aircraft_chk_2` CHECK ((`size` in (_utf8mb4'Large',_utf8mb4'Small')))
) ENGINE=InnoDB AUTO_INCREMENT=11 DEFAULT CHARSET=utf8mb4 COLLATE=utf8mb4_0900_ai_ci;
/*!40101 SET character_set_client = @saved_cs_client */;

--
-- Dumping data for table `aircraft`
--

LOCK TABLES `aircraft` WRITE;
/*!40000 ALTER TABLE `aircraft` DISABLE KEYS */;
INSERT INTO `aircraft` VALUES (1,'Boeing','Large','2020-05-15'),(2,'Airbus','Large','2021-02-10'),(3,'Boeing','Large','2021-11-20'),(4,'Airbus','Large','2022-08-05'),(5,'Boeing','Large','2023-04-12'),(6,'Dassault','Small','2020-10-01'),(7,'Boeing','Small','2021-06-30'),(8,'Dassault','Small','2022-01-15'),(9,'Airbus','Small','2023-03-22'),(10,'Dassault','Small','2024-01-05');
/*!40000 ALTER TABLE `aircraft` ENABLE KEYS */;
UNLOCK TABLES;

--
-- Table structure for table `booking`
--

DROP TABLE IF EXISTS `booking`;
/*!40101 SET @saved_cs_client     = @@character_set_client */;
/*!50503 SET character_set_client = utf8mb4 */;
CREATE TABLE `booking` (
  `booking_id` int NOT NULL AUTO_INCREMENT,
  `customer_email` varchar(100) NOT NULL,
  `flight_id` int NOT NULL,
  `booking_date` date DEFAULT NULL,
  `booking_status` varchar(50) NOT NULL,
  `payment` decimal(10,2) DEFAULT '0.00',
  PRIMARY KEY (`booking_id`),
  KEY `flight_id` (`flight_id`),
  CONSTRAINT `booking_ibfk_2` FOREIGN KEY (`flight_id`) REFERENCES `flight` (`flight_id`),
  CONSTRAINT `booking_chk_1` CHECK ((`booking_status` in (_utf8mb4'Active',_utf8mb4'Completed',_utf8mb4'Customer Cancellation',_utf8mb4'System Cancellation')))
) ENGINE=InnoDB AUTO_INCREMENT=509 DEFAULT CHARSET=utf8mb4 COLLATE=utf8mb4_0900_ai_ci;
/*!40101 SET character_set_client = @saved_cs_client */;

--
-- Dumping data for table `booking`
--

LOCK TABLES `booking` WRITE;
/*!40000 ALTER TABLE `booking` DISABLE KEYS */;
INSERT INTO `booking` VALUES (1,'alice.w@gmail.com',1,'2025-07-27','Completed',576.00),(2,'gal.h@gmail.com',1,'2025-07-29','Completed',7200.00),(3,'ron.a@gmail.com',1,'2025-07-23','Completed',1800.00),(4,'jane.s@gmail.com',1,'2025-07-28','Completed',10800.00),(5,'grace.k@gmail.com',1,'2025-07-30','Completed',5400.00),(6,'grace.k@gmail.com',1,'2025-07-20','Completed',10800.00),(7,'itay.m@yahoo.com',1,'2025-07-23','Completed',2880.00),(8,'david.w@gmail.com',1,'2025-07-17','Completed',2880.00),(9,'shira.l@gmail.com',1,'2025-07-21','Customer Cancellation',2304.00),(10,'grace.k@gmail.com',2,'2025-08-12','Completed',992.00),(11,'gal.h@gmail.com',2,'2025-08-10','Completed',1240.00),(12,'frank.h@gmail.com',2,'2025-08-02','Customer Cancellation',992.00),(13,'gal.h@gmail.com',2,'2025-08-06','Completed',1488.00),(14,'maya.d@hotmail.com',2,'2025-08-04','Completed',1488.00),(15,'bob.m@gmail.com',2,'2025-08-08','Completed',1240.00),(16,'gal.h@gmail.com',2,'2025-07-30','Completed',992.00),(17,'eve.t@gmail.com',2,'2025-08-03','Completed',496.00),(18,'maya.d@hotmail.com',2,'2025-08-12','Completed',1240.00),(19,'itay.m@yahoo.com',2,'2025-07-29','Customer Cancellation',1488.00),(20,'eve.t@gmail.com',2,'2025-08-03','Completed',1240.00),(21,'charlie.b@gmail.com',2,'2025-08-06','Completed',744.00),(22,'shira.l@gmail.com',2,'2025-07-27','Completed',496.00),(23,'tal.s@gmail.com',2,'2025-08-08','Customer Cancellation',248.00),(24,'gal.h@gmail.com',3,'2025-08-19','Completed',928.00),(25,'bob.m@gmail.com',3,'2025-08-17','Customer Cancellation',1392.00),(26,'noa.k@gmail.com',3,'2025-08-29','Customer Cancellation',232.00),(27,'tal.s@gmail.com',3,'2025-08-22','Completed',1392.00),(28,'shira.l@gmail.com',3,'2025-08-27','Completed',232.00),(29,'gal.h@gmail.com',3,'2025-08-22','Customer Cancellation',232.00),(30,'itay.m@yahoo.com',3,'2025-08-20','Completed',1160.00),(31,'henry.f@gmail.com',3,'2025-08-18','Completed',928.00),(32,'maya.d@hotmail.com',3,'2025-08-17','Completed',928.00),(33,'eve.t@gmail.com',3,'2025-08-28','Completed',232.00),(34,'gal.h@gmail.com',3,'2025-08-14','Completed',1392.00),(35,'itay.m@yahoo.com',3,'2025-08-23','Completed',928.00),(36,'ron.a@gmail.com',3,'2025-08-18','Completed',1392.00),(37,'dan.b@gmail.com',3,'2025-08-26','Completed',928.00),(38,'omri.g@gmail.com',3,'2025-08-24','Completed',1160.00),(39,'alice.w@gmail.com',4,'2025-08-23','Completed',9600.00),(40,'omri.g@gmail.com',4,'2025-08-31','Customer Cancellation',3072.00),(41,'eve.t@gmail.com',4,'2025-08-26','Customer Cancellation',4608.00),(42,'henry.f@gmail.com',4,'2025-08-25','Completed',4608.00),(43,'tal.s@gmail.com',4,'2025-08-29','Completed',1536.00),(44,'noa.k@gmail.com',4,'2025-08-28','Completed',4608.00),(45,'noa.k@gmail.com',4,'2025-08-28','Completed',4608.00),(46,'itay.m@yahoo.com',4,'2025-09-09','Completed',7200.00),(47,'jane.s@gmail.com',5,'2025-09-25','Completed',144.00),(48,'ron.a@gmail.com',5,'2025-09-26','Completed',576.00),(49,'henry.f@gmail.com',5,'2025-09-19','Completed',432.00),(50,'gal.h@gmail.com',5,'2025-09-11','Completed',720.00),(51,'noa.k@gmail.com',5,'2025-09-11','Completed',144.00),(52,'henry.f@gmail.com',5,'2025-09-17','Completed',576.00),(53,'adi.p@gmail.com',5,'2025-09-07','Completed',432.00),(54,'adi.p@gmail.com',5,'2025-09-15','Completed',720.00),(55,'john.d@gmail.com',5,'2025-09-22','Completed',864.00),(56,'noa.k@gmail.com',5,'2025-09-08','Completed',576.00),(57,'omri.g@gmail.com',5,'2025-09-21','Completed',720.00),(58,'john.d@gmail.com',5,'2025-09-15','Completed',864.00),(59,'alice.w@gmail.com',5,'2025-09-26','Completed',144.00),(60,'frank.h@gmail.com',5,'2025-09-08','Completed',432.00),(61,'itay.m@yahoo.com',5,'2025-09-24','Completed',576.00),(62,'grace.k@gmail.com',6,'2025-09-30','Completed',744.00),(63,'frank.h@gmail.com',6,'2025-09-21','Completed',3100.00),(64,'david.w@gmail.com',6,'2025-09-24','Customer Cancellation',744.00),(65,'dan.b@gmail.com',6,'2025-09-24','Completed',1550.00),(66,'frank.h@gmail.com',6,'2025-09-22','Customer Cancellation',248.00),(67,'maya.d@hotmail.com',6,'2025-10-02','Customer Cancellation',1550.00),(68,'tal.s@gmail.com',6,'2025-09-24','Completed',1240.00),(69,'jane.s@gmail.com',6,'2025-10-02','Completed',1488.00),(70,'noa.k@gmail.com',6,'2025-09-18','Completed',3100.00),(71,'jane.s@gmail.com',6,'2025-10-02','Completed',4650.00),(72,'charlie.b@gmail.com',6,'2025-09-22','Completed',1550.00),(73,'david.w@gmail.com',6,'2025-10-01','Completed',1240.00),(74,'henry.f@gmail.com',6,'2025-10-04','Completed',1240.00),(75,'ron.a@gmail.com',6,'2025-10-07','Completed',496.00),(76,'bob.m@gmail.com',6,'2025-09-29','Customer Cancellation',496.00),(77,'alice.w@gmail.com',7,'2025-10-11','Completed',880.00),(78,'gal.h@gmail.com',7,'2025-10-12','Completed',352.00),(79,'grace.k@gmail.com',7,'2025-10-14','Completed',528.00),(80,'adi.p@gmail.com',7,'2025-10-12','Customer Cancellation',880.00),(81,'bob.m@gmail.com',7,'2025-10-07','Completed',704.00),(82,'jane.s@gmail.com',7,'2025-10-13','Completed',528.00),(83,'gal.h@gmail.com',7,'2025-10-12','Completed',528.00),(84,'frank.h@gmail.com',7,'2025-10-08','Completed',176.00),(85,'gal.h@gmail.com',7,'2025-10-13','Customer Cancellation',528.00),(86,'maya.d@hotmail.com',8,'2025-10-27','Completed',1056.00),(87,'shira.l@gmail.com',8,'2025-10-30','Completed',1650.00),(88,'dan.b@gmail.com',8,'2025-10-26','Completed',4950.00),(89,'eve.t@gmail.com',8,'2025-10-22','Customer Cancellation',2640.00),(90,'alice.w@gmail.com',8,'2025-10-28','Completed',3300.00),(91,'charlie.b@gmail.com',8,'2025-10-24','Completed',3300.00),(92,'tal.s@gmail.com',8,'2025-10-20','Completed',1056.00),(93,'frank.h@gmail.com',8,'2025-10-29','Customer Cancellation',1650.00),(94,'charlie.b@gmail.com',8,'2025-10-16','Completed',2112.00),(95,'dan.b@gmail.com',8,'2025-10-29','Completed',2112.00),(96,'frank.h@gmail.com',8,'2025-10-29','Completed',3168.00),(97,'alice.w@gmail.com',8,'2025-10-26','Completed',1650.00),(98,'noa.k@gmail.com',8,'2025-10-12','Completed',6600.00),(99,'noa.k@gmail.com',9,'2025-10-25','Completed',1550.00),(100,'ron.a@gmail.com',9,'2025-11-06','Completed',992.00),(101,'ron.a@gmail.com',9,'2025-11-13','Completed',1240.00),(102,'ron.a@gmail.com',9,'2025-11-06','Completed',4650.00),(103,'alice.w@gmail.com',9,'2025-11-04','Customer Cancellation',2325.00),(104,'noa.k@gmail.com',9,'2025-11-04','Completed',496.00),(105,'omri.g@gmail.com',9,'2025-11-03','Completed',3875.00),(106,'maya.d@hotmail.com',9,'2025-11-04','Completed',3100.00),(107,'frank.h@gmail.com',9,'2025-10-27','Customer Cancellation',1488.00),(108,'adi.p@gmail.com',9,'2025-10-27','Completed',744.00),(109,'david.w@gmail.com',9,'2025-11-09','Completed',1240.00),(110,'dan.b@gmail.com',10,'2025-11-17','Completed',384.00),(111,'charlie.b@gmail.com',10,'2025-11-07','Completed',576.00),(112,'itay.m@yahoo.com',10,'2025-11-19','Completed',96.00),(113,'adi.p@gmail.com',10,'2025-11-22','Completed',192.00),(114,'omri.g@gmail.com',10,'2025-11-15','Completed',288.00),(115,'henry.f@gmail.com',10,'2025-11-24','Completed',384.00),(116,'charlie.b@gmail.com',10,'2025-11-26','Completed',96.00),(117,'dan.b@gmail.com',10,'2025-11-23','Completed',288.00),(118,'gal.h@gmail.com',10,'2025-11-10','Completed',480.00),(119,'ron.a@gmail.com',10,'2025-11-13','Completed',384.00),(120,'shira.l@gmail.com',11,'2025-12-01','Completed',104.00),(121,'ron.a@gmail.com',11,'2025-11-27','Completed',208.00),(122,'frank.h@gmail.com',11,'2025-11-22','Completed',624.00),(123,'itay.m@yahoo.com',11,'2025-11-28','Customer Cancellation',208.00),(124,'frank.h@gmail.com',11,'2025-11-30','Completed',624.00),(125,'grace.k@gmail.com',11,'2025-11-26','Completed',208.00),(126,'bob.m@gmail.com',11,'2025-11-23','Customer Cancellation',312.00),(127,'alice.w@gmail.com',11,'2025-11-27','Completed',624.00),(128,'gal.h@gmail.com',11,'2025-11-26','Customer Cancellation',624.00),(129,'gal.h@gmail.com',11,'2025-11-25','Completed',624.00),(130,'charlie.b@gmail.com',11,'2025-11-17','Completed',312.00),(131,'omri.g@gmail.com',11,'2025-12-03','Completed',312.00),(132,'tal.s@gmail.com',11,'2025-11-27','Customer Cancellation',520.00),(133,'henry.f@gmail.com',11,'2025-11-19','Completed',416.00),(134,'itay.m@yahoo.com',11,'2025-11-18','Completed',104.00),(135,'dan.b@gmail.com',11,'2025-11-25','Completed',416.00),(136,'grace.k@gmail.com',12,'2025-12-03','Completed',1728.00),(137,'grace.k@gmail.com',12,'2025-11-30','Completed',3600.00),(138,'alice.w@gmail.com',12,'2025-12-04','Completed',1728.00),(139,'bob.m@gmail.com',12,'2025-12-12','Completed',3600.00),(140,'ron.a@gmail.com',12,'2025-12-01','Completed',7200.00),(141,'noa.k@gmail.com',12,'2025-12-09','Completed',1800.00),(142,'charlie.b@gmail.com',12,'2025-12-14','Completed',1800.00),(143,'noa.k@gmail.com',12,'2025-11-26','Completed',7200.00),(144,'david.w@gmail.com',12,'2025-12-14','Completed',576.00),(145,'ron.a@gmail.com',12,'2025-12-03','Completed',1152.00),(146,'henry.f@gmail.com',13,'2025-12-14','Customer Cancellation',2700.00),(147,'omri.g@gmail.com',13,'2025-12-16','Completed',675.00),(148,'jane.s@gmail.com',13,'2025-12-20','Completed',3375.00),(149,'omri.g@gmail.com',13,'2025-12-15','Completed',2700.00),(150,'charlie.b@gmail.com',13,'2025-12-18','Completed',2700.00),(151,'ron.a@gmail.com',13,'2025-12-18','Completed',1350.00),(152,'shira.l@gmail.com',13,'2025-12-12','Completed',432.00),(153,'ron.a@gmail.com',13,'2025-12-05','Completed',1296.00),(154,'john.d@gmail.com',13,'2025-12-04','Completed',432.00),(155,'omri.g@gmail.com',14,'2025-12-14','Completed',1152.00),(156,'henry.f@gmail.com',14,'2025-12-18','Completed',1152.00),(157,'bob.m@gmail.com',14,'2025-12-26','Completed',576.00),(158,'omri.g@gmail.com',14,'2025-12-12','Completed',768.00),(159,'bob.m@gmail.com',14,'2025-12-22','Completed',960.00),(160,'itay.m@yahoo.com',14,'2025-12-14','Completed',768.00),(161,'eve.t@gmail.com',14,'2025-12-17','Completed',960.00),(162,'noa.k@gmail.com',14,'2025-12-18','Completed',768.00),(163,'itay.m@yahoo.com',14,'2025-12-15','Completed',960.00),(164,'jane.s@gmail.com',14,'2025-12-27','Completed',192.00),(165,'frank.h@gmail.com',14,'2025-12-17','Completed',192.00),(166,'jane.s@gmail.com',14,'2025-12-20','Customer Cancellation',768.00),(167,'henry.f@gmail.com',14,'2025-12-20','Completed',192.00),(168,'adi.p@gmail.com',15,'2026-01-01','Completed',1584.00),(169,'charlie.b@gmail.com',15,'2025-12-21','Completed',1584.00),(170,'omri.g@gmail.com',15,'2025-12-28','Completed',792.00),(171,'henry.f@gmail.com',15,'2025-12-17','Completed',264.00),(172,'john.d@gmail.com',15,'2025-12-28','Completed',1584.00),(173,'maya.d@hotmail.com',15,'2025-12-18','Completed',792.00),(174,'ron.a@gmail.com',15,'2025-12-21','Completed',528.00),(175,'tal.s@gmail.com',15,'2025-12-18','Completed',1320.00),(176,'david.w@gmail.com',16,'2026-01-01','Active',2880.00),(177,'bob.m@gmail.com',16,'2025-11-29','Active',2304.00),(178,'adi.p@gmail.com',16,'2025-11-03','Active',2304.00),(179,'charlie.b@gmail.com',16,'2025-10-05','Active',576.00),(180,'bob.m@gmail.com',16,'2025-11-25','Active',3600.00),(181,'ron.a@gmail.com',16,'2025-11-09','Active',3456.00),(182,'bob.m@gmail.com',16,'2025-11-15','Active',10800.00),(183,'shira.l@gmail.com',16,'2025-10-03','Active',1152.00),(184,'david.w@gmail.com',17,'2025-10-14','Active',744.00),(185,'eve.t@gmail.com',17,'2025-12-15','Active',248.00),(186,'david.w@gmail.com',17,'2025-09-24','Active',744.00),(187,'gal.h@gmail.com',17,'2025-09-24','Active',992.00),(188,'alice.w@gmail.com',17,'2025-10-02','Active',744.00),(189,'gal.h@gmail.com',17,'2025-11-12','Active',744.00),(190,'bob.m@gmail.com',17,'2026-01-13','Active',496.00),(191,'bob.m@gmail.com',17,'2025-11-19','Active',992.00),(192,'grace.k@gmail.com',17,'2025-12-07','Active',248.00),(193,'jane.s@gmail.com',17,'2025-12-25','Active',744.00),(194,'dan.b@gmail.com',17,'2025-09-30','Active',496.00),(195,'jane.s@gmail.com',17,'2025-09-25','Active',1240.00),(196,'noa.k@gmail.com',18,'2025-09-22','Active',928.00),(197,'tal.s@gmail.com',18,'2025-09-20','Active',696.00),(198,'shira.l@gmail.com',18,'2025-09-17','Active',464.00),(199,'john.d@gmail.com',18,'2026-01-08','Active',928.00),(200,'john.d@gmail.com',18,'2025-12-13','Active',696.00),(201,'maya.d@hotmail.com',18,'2025-12-25','Active',1160.00),(202,'bob.m@gmail.com',18,'2026-01-08','Active',464.00),(203,'henry.f@gmail.com',18,'2025-10-17','Active',1160.00),(204,'david.w@gmail.com',18,'2025-11-10','Active',928.00),(205,'noa.k@gmail.com',18,'2025-11-16','Active',1392.00),(206,'maya.d@hotmail.com',18,'2025-10-07','Active',1160.00),(207,'alice.w@gmail.com',18,'2025-10-30','Active',232.00),(208,'john.d@gmail.com',18,'2025-10-21','Active',232.00),(209,'john.d@gmail.com',18,'2025-10-31','Active',1160.00),(210,'eve.t@gmail.com',18,'2026-01-12','Active',696.00),(211,'henry.f@gmail.com',18,'2025-12-24','Active',928.00),(212,'frank.h@gmail.com',18,'2025-10-05','Active',696.00),(213,'henry.f@gmail.com',19,'2025-10-27','Active',4800.00),(214,'maya.d@hotmail.com',19,'2025-10-14','Active',12000.00),(215,'dan.b@gmail.com',19,'2025-10-03','Active',2400.00),(216,'frank.h@gmail.com',19,'2025-09-16','Active',3840.00),(217,'adi.p@gmail.com',19,'2025-11-24','Active',4608.00),(218,'henry.f@gmail.com',19,'2025-12-31','Active',7200.00),(219,'henry.f@gmail.com',19,'2025-12-10','Active',3072.00),(220,'itay.m@yahoo.com',19,'2025-12-30','Active',3072.00),(221,'dan.b@gmail.com',19,'2025-10-17','Active',3072.00),(222,'adi.p@gmail.com',19,'2025-12-07','Active',3840.00),(223,'henry.f@gmail.com',20,'2025-11-30','Active',864.00),(224,'maya.d@hotmail.com',20,'2025-09-25','Active',288.00),(225,'omri.g@gmail.com',20,'2025-11-18','Active',576.00),(226,'gal.h@gmail.com',20,'2025-11-04','Active',432.00),(227,'eve.t@gmail.com',20,'2025-11-11','Active',432.00),(228,'noa.k@gmail.com',20,'2025-09-30','Active',864.00),(229,'adi.p@gmail.com',20,'2025-10-07','Active',288.00),(230,'grace.k@gmail.com',20,'2025-11-21','Active',720.00),(231,'adi.p@gmail.com',20,'2025-10-11','Active',288.00),(232,'tal.s@gmail.com',20,'2025-11-03','Active',288.00),(233,'tal.s@gmail.com',20,'2025-11-01','Active',144.00),(234,'maya.d@hotmail.com',20,'2025-12-12','Active',720.00),(235,'bob.m@gmail.com',20,'2025-11-12','Active',720.00),(236,'grace.k@gmail.com',20,'2025-10-12','Active',432.00),(237,'shira.l@gmail.com',20,'2025-12-03','Active',288.00),(238,'grace.k@gmail.com',20,'2025-11-27','Active',720.00),(239,'charlie.b@gmail.com',20,'2025-09-21','Active',432.00),(240,'ron.a@gmail.com',20,'2025-11-06','Active',144.00),(241,'john.d@gmail.com',21,'2025-09-17','Active',1488.00),(242,'adi.p@gmail.com',21,'2025-12-16','Active',3100.00),(243,'charlie.b@gmail.com',21,'2025-12-20','Active',1488.00),(244,'gal.h@gmail.com',21,'2025-12-07','Active',744.00),(245,'charlie.b@gmail.com',21,'2025-09-22','Active',496.00),(246,'alice.w@gmail.com',21,'2025-10-11','Active',3875.00),(247,'shira.l@gmail.com',21,'2025-12-30','Active',744.00),(248,'ron.a@gmail.com',21,'2025-12-17','Active',744.00),(249,'shira.l@gmail.com',21,'2025-10-12','Active',4650.00),(250,'tal.s@gmail.com',21,'2025-12-20','Active',1550.00),(251,'itay.m@yahoo.com',21,'2025-10-22','Active',248.00),(252,'gal.h@gmail.com',22,'2025-10-04','Active',704.00),(253,'maya.d@hotmail.com',22,'2025-12-27','Active',528.00),(254,'charlie.b@gmail.com',22,'2025-12-19','Active',176.00),(255,'itay.m@yahoo.com',22,'2025-11-02','Active',528.00),(256,'ron.a@gmail.com',22,'2025-11-27','Active',880.00),(257,'itay.m@yahoo.com',22,'2025-12-24','Active',528.00),(258,'henry.f@gmail.com',22,'2025-10-26','Active',1056.00),(259,'adi.p@gmail.com',22,'2025-10-12','Active',704.00),(260,'itay.m@yahoo.com',22,'2025-09-23','Active',880.00),(261,'itay.m@yahoo.com',22,'2025-12-04','Active',1056.00),(262,'shira.l@gmail.com',22,'2025-10-02','Active',176.00),(263,'gal.h@gmail.com',23,'2025-12-06','Active',4950.00),(264,'noa.k@gmail.com',23,'2026-01-12','Active',3168.00),(265,'bob.m@gmail.com',23,'2026-01-03','Active',528.00),(266,'bob.m@gmail.com',23,'2025-11-26','Active',3300.00),(267,'shira.l@gmail.com',23,'2025-10-14','Active',9900.00),(268,'gal.h@gmail.com',23,'2025-11-05','Active',1584.00),(269,'shira.l@gmail.com',23,'2025-10-30','Active',9900.00),(270,'omri.g@gmail.com',23,'2025-11-25','Active',4950.00),(271,'maya.d@hotmail.com',23,'2025-12-23','Active',528.00),(272,'shira.l@gmail.com',24,'2025-10-29','Active',248.00),(273,'tal.s@gmail.com',24,'2025-10-28','Active',775.00),(274,'frank.h@gmail.com',24,'2025-12-06','Active',3100.00),(275,'ron.a@gmail.com',24,'2025-10-25','Active',1550.00),(276,'ron.a@gmail.com',24,'2025-11-25','Active',248.00),(277,'frank.h@gmail.com',24,'2026-01-11','Active',744.00),(278,'ron.a@gmail.com',24,'2025-10-01','Active',248.00),(279,'omri.g@gmail.com',24,'2025-12-07','Active',2325.00),(280,'david.w@gmail.com',25,'2025-09-23','Active',480.00),(281,'tal.s@gmail.com',25,'2025-10-16','Active',576.00),(282,'charlie.b@gmail.com',25,'2025-09-26','Active',480.00),(283,'gal.h@gmail.com',25,'2025-12-05','Active',576.00),(284,'david.w@gmail.com',25,'2025-09-27','Active',384.00),(285,'ron.a@gmail.com',25,'2025-11-12','Active',384.00),(286,'noa.k@gmail.com',25,'2025-09-28','Active',480.00),(287,'eve.t@gmail.com',25,'2025-09-25','Active',96.00),(288,'henry.f@gmail.com',25,'2025-09-24','Active',576.00),(289,'dan.b@gmail.com',25,'2025-10-02','Active',384.00),(290,'itay.m@yahoo.com',25,'2025-11-10','Active',192.00),(291,'omri.g@gmail.com',25,'2026-01-03','Active',288.00),(292,'dan.b@gmail.com',25,'2025-10-06','Active',96.00),(293,'john.d@gmail.com',25,'2025-09-28','Active',384.00),(294,'noa.k@gmail.com',26,'2025-09-19','Active',1200.00),(295,'gal.h@gmail.com',26,'2025-12-25','Active',1000.00),(296,'jane.s@gmail.com',26,'2025-09-27','Active',400.00),(297,'david.w@gmail.com',26,'2026-01-10','Active',800.00),(298,'ron.a@gmail.com',26,'2025-11-21','Active',400.00),(299,'alice.w@gmail.com',26,'2025-12-26','Active',200.00),(300,'david.w@gmail.com',26,'2025-11-24','Active',600.00),(301,'david.w@gmail.com',26,'2025-10-30','Active',1000.00),(302,'jane.s@gmail.com',26,'2025-09-30','Active',600.00),(303,'dan.b@gmail.com',26,'2025-11-14','Active',1200.00),(304,'henry.f@gmail.com',26,'2025-09-27','Active',600.00),(305,'henry.f@gmail.com',26,'2026-01-12','Active',600.00),(306,'eve.t@gmail.com',26,'2025-12-04','Active',1200.00),(307,'charlie.b@gmail.com',26,'2025-10-28','Active',200.00),(308,'omri.g@gmail.com',26,'2025-12-19','Active',600.00),(309,'david.w@gmail.com',26,'2025-12-29','Active',1200.00),(310,'frank.h@gmail.com',26,'2026-01-13','Active',200.00),(311,'adi.p@gmail.com',27,'2025-10-28','Active',2400.00),(312,'eve.t@gmail.com',27,'2025-12-20','Active',3000.00),(313,'itay.m@yahoo.com',27,'2026-01-04','Active',2400.00),(314,'ron.a@gmail.com',27,'2025-10-12','Active',3000.00),(315,'david.w@gmail.com',27,'2025-10-25','Active',1200.00),(316,'bob.m@gmail.com',27,'2026-01-12','Active',768.00),(317,'shira.l@gmail.com',28,'2026-01-05','Active',168.00),(318,'charlie.b@gmail.com',28,'2025-12-10','Active',1008.00),(319,'charlie.b@gmail.com',28,'2025-12-18','Active',840.00),(320,'frank.h@gmail.com',28,'2025-12-13','Active',336.00),(321,'gal.h@gmail.com',28,'2025-10-30','Active',168.00),(322,'eve.t@gmail.com',28,'2025-12-01','Active',168.00),(323,'itay.m@yahoo.com',28,'2025-09-25','Active',168.00),(324,'grace.k@gmail.com',28,'2025-11-12','Active',336.00),(325,'frank.h@gmail.com',28,'2025-10-05','Active',1008.00),(326,'frank.h@gmail.com',28,'2025-10-31','Active',336.00),(327,'tal.s@gmail.com',28,'2025-11-01','Active',672.00),(328,'david.w@gmail.com',28,'2025-12-23','Active',672.00),(329,'henry.f@gmail.com',28,'2026-01-07','Active',672.00),(330,'john.d@gmail.com',28,'2025-10-18','Active',168.00),(331,'noa.k@gmail.com',28,'2025-11-18','Active',504.00),(332,'alice.w@gmail.com',28,'2025-12-21','Active',1008.00),(333,'ron.a@gmail.com',28,'2025-11-06','Active',168.00),(334,'charlie.b@gmail.com',28,'2025-12-15','Active',1008.00),(335,'noa.k@gmail.com',29,'2025-11-11','Active',2688.00),(336,'maya.d@hotmail.com',29,'2025-09-28','Active',10500.00),(337,'tal.s@gmail.com',29,'2025-09-29','Active',3360.00),(338,'shira.l@gmail.com',29,'2025-10-13','Active',12600.00),(339,'noa.k@gmail.com',29,'2025-12-24','Active',2016.00),(340,'noa.k@gmail.com',29,'2025-11-07','Active',6300.00),(341,'tal.s@gmail.com',29,'2025-12-08','Active',8400.00),(342,'john.d@gmail.com',29,'2025-10-08','Active',3360.00),(343,'henry.f@gmail.com',29,'2025-12-24','Active',672.00),(344,'jane.s@gmail.com',29,'2025-11-24','Active',4200.00),(345,'gal.h@gmail.com',29,'2025-11-04','Active',672.00),(346,'omri.g@gmail.com',30,'2025-10-23','Active',1650.00),(347,'omri.g@gmail.com',30,'2025-10-27','Active',1584.00),(348,'itay.m@yahoo.com',30,'2025-12-19','Active',3300.00),(349,'eve.t@gmail.com',30,'2026-01-01','Active',1056.00),(350,'henry.f@gmail.com',30,'2025-09-28','Active',8250.00),(351,'frank.h@gmail.com',30,'2025-12-25','Active',1056.00),(352,'tal.s@gmail.com',30,'2026-01-01','Active',1584.00),(353,'ron.a@gmail.com',30,'2026-01-07','Active',2640.00),(354,'henry.f@gmail.com',30,'2025-09-21','Active',1650.00),(355,'maya.d@hotmail.com',30,'2025-11-01','Active',6600.00),(356,'tal.s@gmail.com',30,'2025-12-20','Active',528.00),(357,'grace.k@gmail.com',30,'2025-12-23','Active',9900.00),(358,'noa.k@gmail.com',30,'2025-12-13','Active',528.00),(359,'eve.t@gmail.com',30,'2025-10-09','Active',1584.00),(360,'omri.g@gmail.com',31,'2025-12-19','Active',11250.00),(361,'bob.m@gmail.com',31,'2025-10-27','Active',3600.00),(362,'david.w@gmail.com',31,'2025-10-31','Active',1200.00),(363,'noa.k@gmail.com',31,'2025-12-28','Active',5625.00),(364,'noa.k@gmail.com',31,'2025-10-05','Active',3600.00),(365,'shira.l@gmail.com',31,'2025-10-11','Active',3000.00),(366,'alice.w@gmail.com',31,'2025-11-23','Active',5625.00),(367,'ron.a@gmail.com',31,'2025-10-14','Active',600.00),(368,'henry.f@gmail.com',31,'2025-11-10','Active',1800.00),(369,'alice.w@gmail.com',31,'2025-11-27','Active',1875.00),(370,'itay.m@yahoo.com',31,'2025-11-30','Active',3600.00),(371,'charlie.b@gmail.com',31,'2025-10-25','Active',7500.00),(372,'itay.m@yahoo.com',31,'2025-12-17','Active',1200.00),(373,'henry.f@gmail.com',31,'2025-12-27','Active',1800.00),(374,'itay.m@yahoo.com',31,'2026-01-09','Active',3000.00),(375,'david.w@gmail.com',31,'2025-10-18','Active',5625.00),(376,'john.d@gmail.com',31,'2025-11-07','Active',600.00),(377,'frank.h@gmail.com',31,'2025-11-02','Active',2400.00),(378,'shira.l@gmail.com',31,'2025-12-06','Active',600.00),(379,'gal.h@gmail.com',32,'2025-10-07','Active',2160.00),(380,'noa.k@gmail.com',32,'2025-12-29','Active',2160.00),(381,'adi.p@gmail.com',32,'2025-12-23','Active',4320.00),(382,'maya.d@hotmail.com',32,'2025-11-12','Active',4500.00),(383,'jane.s@gmail.com',32,'2026-01-05','Active',2250.00),(384,'eve.t@gmail.com',32,'2025-10-13','Active',1440.00),(385,'eve.t@gmail.com',32,'2025-10-29','Active',720.00),(386,'jane.s@gmail.com',32,'2025-09-27','Active',4500.00),(387,'adi.p@gmail.com',32,'2025-11-04','Active',11250.00),(388,'maya.d@hotmail.com',32,'2025-12-19','Active',9000.00),(389,'ron.a@gmail.com',32,'2025-12-06','Active',9000.00),(390,'gal.h@gmail.com',32,'2025-09-20','Active',4320.00),(391,'charlie.b@gmail.com',32,'2025-10-04','Active',4500.00),(392,'ron.a@gmail.com',32,'2025-12-05','Active',2160.00),(393,'charlie.b@gmail.com',33,'2025-12-29','Active',3744.00),(394,'dan.b@gmail.com',33,'2025-10-26','Active',11700.00),(395,'adi.p@gmail.com',33,'2025-09-24','Active',2496.00),(396,'frank.h@gmail.com',33,'2025-10-29','Active',11700.00),(397,'ron.a@gmail.com',33,'2025-11-26','Active',9750.00),(398,'charlie.b@gmail.com',33,'2025-12-29','Active',5850.00),(399,'dan.b@gmail.com',33,'2025-11-25','Active',1248.00),(400,'grace.k@gmail.com',33,'2025-10-22','Active',2496.00),(401,'david.w@gmail.com',34,'2025-12-18','Active',9750.00),(402,'alice.w@gmail.com',34,'2026-01-09','Active',9750.00),(403,'david.w@gmail.com',34,'2025-11-11','Active',2496.00),(404,'maya.d@hotmail.com',34,'2025-11-11','Active',624.00),(405,'henry.f@gmail.com',34,'2026-01-07','Active',5850.00),(406,'omri.g@gmail.com',34,'2025-10-23','Active',11700.00),(407,'ron.a@gmail.com',34,'2025-12-11','Active',1950.00),(408,'bob.m@gmail.com',34,'2025-12-07','Active',624.00),(409,'charlie.b@gmail.com',34,'2025-10-17','Active',1248.00),(410,'shira.l@gmail.com',34,'2025-10-15','Active',1248.00),(411,'omri.g@gmail.com',34,'2025-11-07','Active',1248.00),(412,'adi.p@gmail.com',34,'2025-11-10','Active',624.00),(413,'bob.m@gmail.com',35,'2026-01-12','Active',864.00),(414,'david.w@gmail.com',35,'2025-11-23','Active',864.00),(415,'charlie.b@gmail.com',35,'2025-12-29','Active',2025.00),(416,'omri.g@gmail.com',35,'2025-12-04','Active',1080.00),(417,'alice.w@gmail.com',35,'2025-12-07','Active',864.00),(418,'jane.s@gmail.com',35,'2025-11-07','Active',3375.00),(419,'eve.t@gmail.com',35,'2025-10-01','Active',216.00),(420,'henry.f@gmail.com',35,'2025-10-24','Active',1296.00),(421,'ron.a@gmail.com',35,'2025-10-13','Active',1350.00),(422,'gal.h@gmail.com',35,'2025-10-08','Active',648.00),(423,'gal.h@gmail.com',35,'2025-10-16','Active',2025.00),(424,'charlie.b@gmail.com',35,'2025-12-10','Active',2700.00),(425,'tal.s@gmail.com',35,'2025-12-18','Active',216.00),(426,'dan.b@gmail.com',35,'2025-12-16','Active',2025.00),(427,'bob.m@gmail.com',36,'2025-11-12','System Cancellation',96.00),(428,'maya.d@hotmail.com',36,'2025-09-27','System Cancellation',384.00),(429,'frank.h@gmail.com',36,'2025-09-21','System Cancellation',192.00),(430,'john.d@gmail.com',36,'2026-01-08','System Cancellation',96.00),(431,'adi.p@gmail.com',36,'2025-11-28','System Cancellation',96.00),(432,'charlie.b@gmail.com',36,'2025-10-12','System Cancellation',96.00),(433,'john.d@gmail.com',36,'2025-10-18','System Cancellation',384.00),(434,'noa.k@gmail.com',36,'2025-12-08','System Cancellation',576.00),(435,'omri.g@gmail.com',36,'2025-12-04','System Cancellation',288.00),(436,'adi.p@gmail.com',37,'2025-10-11','System Cancellation',624.00),(437,'noa.k@gmail.com',37,'2025-09-23','System Cancellation',520.00),(438,'tal.s@gmail.com',37,'2025-12-08','System Cancellation',312.00),(439,'gal.h@gmail.com',37,'2025-10-19','System Cancellation',416.00),(440,'tal.s@gmail.com',37,'2025-10-24','System Cancellation',104.00),(441,'frank.h@gmail.com',37,'2025-12-14','System Cancellation',624.00),(442,'itay.m@yahoo.com',37,'2025-12-18','System Cancellation',624.00),(443,'itay.m@yahoo.com',37,'2025-12-04','System Cancellation',520.00),(444,'dan.b@gmail.com',37,'2026-01-11','System Cancellation',624.00),(445,'maya.d@hotmail.com',37,'2026-01-02','System Cancellation',520.00),(446,'grace.k@gmail.com',37,'2025-11-23','System Cancellation',104.00),(447,'frank.h@gmail.com',37,'2025-10-03','System Cancellation',208.00),(448,'gal.h@gmail.com',38,'2025-09-16','System Cancellation',928.00),(449,'ron.a@gmail.com',38,'2025-11-28','System Cancellation',696.00),(450,'shira.l@gmail.com',38,'2025-09-19','System Cancellation',1160.00),(451,'dan.b@gmail.com',38,'2025-10-25','System Cancellation',696.00),(452,'john.d@gmail.com',38,'2025-11-20','System Cancellation',1392.00),(453,'david.w@gmail.com',38,'2025-12-14','System Cancellation',1392.00),(454,'henry.f@gmail.com',38,'2025-09-25','System Cancellation',696.00),(455,'grace.k@gmail.com',38,'2025-10-05','System Cancellation',1160.00),(456,'alice.w@gmail.com',38,'2025-11-25','System Cancellation',696.00),(457,'tal.s@gmail.com',38,'2025-11-07','System Cancellation',1392.00),(458,'grace.k@gmail.com',38,'2025-11-07','System Cancellation',464.00),(459,'shira.l@gmail.com',38,'2025-12-27','System Cancellation',696.00),(460,'john.d@gmail.com',38,'2026-01-11','System Cancellation',232.00),(461,'grace.k@gmail.com',38,'2025-10-25','System Cancellation',1392.00),(462,'tal.s@gmail.com',38,'2025-12-09','System Cancellation',928.00),(463,'dan.b@gmail.com',39,'2025-11-20','System Cancellation',768.00),(464,'bob.m@gmail.com',39,'2025-11-26','System Cancellation',768.00),(465,'henry.f@gmail.com',39,'2025-10-26','System Cancellation',192.00),(466,'ron.a@gmail.com',39,'2026-01-02','System Cancellation',768.00),(467,'david.w@gmail.com',39,'2025-11-15','System Cancellation',576.00),(468,'john.d@gmail.com',39,'2025-12-22','System Cancellation',192.00),(469,'gal.h@gmail.com',39,'2025-11-21','System Cancellation',384.00),(470,'frank.h@gmail.com',39,'2025-10-23','System Cancellation',1152.00),(471,'shira.l@gmail.com',39,'2026-01-04','System Cancellation',384.00),(472,'dan.b@gmail.com',39,'2025-12-04','System Cancellation',768.00),(473,'gal.h@gmail.com',39,'2025-11-22','System Cancellation',768.00),(474,'gal.h@gmail.com',39,'2025-12-24','System Cancellation',384.00),(475,'grace.k@gmail.com',39,'2025-11-08','System Cancellation',576.00),(476,'gal.h@gmail.com',39,'2025-12-15','System Cancellation',192.00),(477,'bob.m@gmail.com',39,'2025-11-04','System Cancellation',768.00),(478,'maya.d@hotmail.com',39,'2025-12-20','System Cancellation',576.00),(479,'shira.l@gmail.com',40,'2025-12-14','System Cancellation',528.00),(480,'omri.g@gmail.com',40,'2025-10-26','System Cancellation',880.00),(481,'eve.t@gmail.com',40,'2025-11-09','System Cancellation',880.00),(482,'eve.t@gmail.com',40,'2025-10-18','System Cancellation',880.00),(483,'jane.s@gmail.com',40,'2026-01-11','System Cancellation',704.00),(484,'henry.f@gmail.com',40,'2025-09-25','System Cancellation',1056.00),(485,'frank.h@gmail.com',40,'2025-11-10','System Cancellation',880.00),(486,'alice.w@gmail.com',40,'2025-09-26','System Cancellation',1056.00),(487,'dan.b@gmail.com',40,'2025-09-20','System Cancellation',1056.00),(488,'alice.w@gmail.com',40,'2026-01-03','System Cancellation',1056.00),(489,'david.w@gmail.com',40,'2025-11-10','System Cancellation',1056.00),(490,'noa.k@gmail.com',40,'2025-11-23','System Cancellation',528.00),(491,'frank.h@gmail.com',41,'2025-11-12','Active',288.00),(492,'bob.m@gmail.com',41,'2025-12-05','Active',192.00),(493,'tal.s@gmail.com',41,'2026-01-05','Active',288.00),(494,'gal.h@gmail.com',41,'2025-11-29','Active',96.00),(495,'tal.s@gmail.com',41,'2025-10-26','Active',480.00),(496,'henry.f@gmail.com',41,'2025-12-22','Active',96.00),(497,'frank.h@gmail.com',41,'2025-09-21','Active',480.00),(498,'henry.f@gmail.com',41,'2025-12-20','Active',96.00),(499,'henry.f@gmail.com',41,'2025-12-26','Active',480.00),(500,'ron.a@gmail.com',41,'2025-12-25','Active',384.00),(501,'henry.f@gmail.com',41,'2025-12-01','Active',576.00),(502,'itay.m@yahoo.com',41,'2025-12-08','Active',480.00),(503,'ron.a@gmail.com',41,'2025-11-21','Active',576.00),(504,'noa.k@gmail.com',41,'2025-12-06','Active',576.00),(505,'ron.a@gmail.com',41,'2025-12-14','Active',96.00),(506,'alice.w@gmail.com',41,'2025-12-07','Active',384.00),(507,'henry.f@gmail.com',41,'2025-10-07','Active',192.00);
/*!40000 ALTER TABLE `booking` ENABLE KEYS */;
UNLOCK TABLES;

--
-- Table structure for table `class`
--

DROP TABLE IF EXISTS `class`;
/*!40101 SET @saved_cs_client     = @@character_set_client */;
/*!50503 SET character_set_client = utf8mb4 */;
CREATE TABLE `class` (
  `aircraft_id` int NOT NULL,
  `class_type` varchar(20) NOT NULL,
  `num_rows` int DEFAULT NULL,
  `num_columns` int DEFAULT NULL,
  PRIMARY KEY (`aircraft_id`,`class_type`),
  CONSTRAINT `class_ibfk_1` FOREIGN KEY (`aircraft_id`) REFERENCES `aircraft` (`aircraft_id`),
  CONSTRAINT `class_chk_1` CHECK ((`class_type` in (_utf8mb4'economy',_utf8mb4'business')))
) ENGINE=InnoDB DEFAULT CHARSET=utf8mb4 COLLATE=utf8mb4_0900_ai_ci;
/*!40101 SET character_set_client = @saved_cs_client */;

--
-- Dumping data for table `class`
--

LOCK TABLES `class` WRITE;
/*!40000 ALTER TABLE `class` DISABLE KEYS */;
INSERT INTO `class` VALUES (1,'business',5,4),(1,'economy',20,6),(2,'business',5,4),(2,'economy',20,6),(3,'business',5,4),(3,'economy',20,6),(4,'business',5,4),(4,'economy',20,6),(5,'business',5,4),(5,'economy',20,6),(6,'economy',15,4),(7,'economy',15,4),(8,'economy',15,4),(9,'economy',15,4),(10,'economy',15,4);
/*!40000 ALTER TABLE `class` ENABLE KEYS */;
UNLOCK TABLES;

--
-- Table structure for table `classes_in_flight`
--

DROP TABLE IF EXISTS `classes_in_flight`;
/*!40101 SET @saved_cs_client     = @@character_set_client */;
/*!50503 SET character_set_client = utf8mb4 */;
CREATE TABLE `classes_in_flight` (
  `flight_id` int NOT NULL,
  `aircraft_id` int NOT NULL,
  `class_type` varchar(20) NOT NULL,
  `seat_price` decimal(10,2) NOT NULL,
  PRIMARY KEY (`flight_id`,`aircraft_id`,`class_type`),
  KEY `aircraft_id` (`aircraft_id`,`class_type`),
  CONSTRAINT `classes_in_flight_ibfk_1` FOREIGN KEY (`flight_id`) REFERENCES `flight` (`flight_id`),
  CONSTRAINT `classes_in_flight_ibfk_2` FOREIGN KEY (`aircraft_id`, `class_type`) REFERENCES `class` (`aircraft_id`, `class_type`),
  CONSTRAINT `classes_in_flight_chk_1` CHECK ((`class_type` in (_utf8mb4'economy',_utf8mb4'business')))
) ENGINE=InnoDB DEFAULT CHARSET=utf8mb4 COLLATE=utf8mb4_0900_ai_ci;
/*!40101 SET character_set_client = @saved_cs_client */;

--
-- Dumping data for table `classes_in_flight`
--

LOCK TABLES `classes_in_flight` WRITE;
/*!40000 ALTER TABLE `classes_in_flight` DISABLE KEYS */;
INSERT INTO `classes_in_flight` VALUES (1,1,'business',1800.00),(1,1,'economy',576.00),(2,6,'economy',248.00),(3,7,'economy',232.00),(4,2,'business',2400.00),(4,2,'economy',768.00),(5,8,'economy',144.00),(6,3,'business',775.00),(6,3,'economy',248.00),(7,9,'economy',176.00),(8,4,'business',1650.00),(8,4,'economy',528.00),(9,5,'business',775.00),(9,5,'economy',248.00),(10,10,'economy',96.00),(11,6,'economy',104.00),(12,3,'business',1800.00),(12,3,'economy',576.00),(13,2,'business',675.00),(13,2,'economy',216.00),(14,8,'economy',192.00),(15,7,'economy',264.00),(16,1,'business',1800.00),(16,1,'economy',576.00),(17,6,'economy',248.00),(18,7,'economy',232.00),(19,2,'business',2400.00),(19,2,'economy',768.00),(20,8,'economy',144.00),(21,3,'business',775.00),(21,3,'economy',248.00),(22,9,'economy',176.00),(23,4,'business',1650.00),(23,4,'economy',528.00),(24,5,'business',775.00),(24,5,'economy',248.00),(25,10,'economy',96.00),(26,8,'economy',200.00),(27,2,'business',600.00),(27,2,'economy',192.00),(28,6,'economy',168.00),(29,3,'business',2100.00),(29,3,'economy',672.00),(30,4,'business',1650.00),(30,4,'economy',528.00),(31,1,'business',1875.00),(31,1,'economy',600.00),(32,2,'business',2250.00),(32,2,'economy',720.00),(33,3,'business',1950.00),(33,3,'economy',624.00),(34,4,'business',1950.00),(34,4,'economy',624.00),(35,5,'business',675.00),(35,5,'economy',216.00),(36,10,'economy',96.00),(37,6,'economy',104.00),(38,7,'economy',232.00),(39,8,'economy',192.00),(40,9,'economy',176.00),(41,10,'economy',96.00);
/*!40000 ALTER TABLE `classes_in_flight` ENABLE KEYS */;
UNLOCK TABLES;

--
-- Table structure for table `flight`
--

DROP TABLE IF EXISTS `flight`;
/*!40101 SET @saved_cs_client     = @@character_set_client */;
/*!50503 SET character_set_client = utf8mb4 */;
CREATE TABLE `flight` (
  `flight_id` int NOT NULL AUTO_INCREMENT,
  `flight_status` varchar(20) NOT NULL,
  `departure_time` time NOT NULL,
  `departure_date` date NOT NULL,
  `origin_airport` varchar(10) NOT NULL,
  `destination_airport` varchar(10) NOT NULL,
  `aircraft_id` int NOT NULL,
  PRIMARY KEY (`flight_id`),
  KEY `aircraft_id` (`aircraft_id`),
  KEY `origin_airport` (`origin_airport`,`destination_airport`),
  CONSTRAINT `flight_ibfk_1` FOREIGN KEY (`aircraft_id`) REFERENCES `aircraft` (`aircraft_id`),
  CONSTRAINT `flight_ibfk_2` FOREIGN KEY (`origin_airport`, `destination_airport`) REFERENCES `routes` (`origin_airport`, `destination_airport`),
  CONSTRAINT `flight_chk_1` CHECK ((`flight_status` in (_utf8mb4'Active',_utf8mb4'Fully Booked',_utf8mb4'Completed',_utf8mb4'Cancelled')))
) ENGINE=InnoDB AUTO_INCREMENT=42 DEFAULT CHARSET=utf8mb4 COLLATE=utf8mb4_0900_ai_ci;
/*!40101 SET character_set_client = @saved_cs_client */;

--
-- Dumping data for table `flight`
--

LOCK TABLES `flight` WRITE;
/*!40000 ALTER TABLE `flight` DISABLE KEYS */;
INSERT INTO `flight` VALUES (1,'Completed','08:00:00','2025-08-10','TLV','JFK',1),(2,'Completed','10:00:00','2025-08-20','TLV','LHR',6),(3,'Completed','12:00:00','2025-09-05','TLV','CDG',7),(4,'Completed','14:00:00','2025-09-15','TLV','LAX',2),(5,'Completed','09:00:00','2025-10-01','TLV','DXB',8),(6,'Completed','11:00:00','2025-10-12','TLV','AMS',3),(7,'Completed','13:00:00','2025-10-25','TLV','FCO',9),(8,'Completed','22:00:00','2025-11-05','TLV','BKK',4),(9,'Completed','16:00:00','2025-11-18','TLV','BCN',5),(10,'Completed','07:00:00','2025-12-01','TLV','ATH',10),(11,'Completed','08:30:00','2025-12-10','TLV','IST',6),(12,'Completed','20:00:00','2025-12-20','TLV','SIN',3),(13,'Completed','15:00:00','2025-12-28','TLV','FRA',2),(14,'Completed','09:30:00','2026-01-05','TLV','MUC',8),(15,'Completed','12:15:00','2026-01-10','TLV','MAD',7),(16,'Active','06:00:00','2026-02-15','TLV','JFK',1),(17,'Active','10:00:00','2026-02-28','TLV','LHR',6),(18,'Active','12:30:00','2026-03-10','TLV','CDG',7),(19,'Active','14:45:00','2026-03-22','TLV','LAX',2),(20,'Active','09:15:00','2026-04-05','TLV','DXB',8),(21,'Active','11:30:00','2026-04-18','TLV','AMS',3),(22,'Active','13:45:00','2026-05-01','TLV','FCO',9),(23,'Active','21:00:00','2026-05-15','TLV','BKK',4),(24,'Active','15:20:00','2026-06-02','TLV','BCN',5),(25,'Active','08:00:00','2026-06-20','TLV','ATH',10),(26,'Active','07:30:00','2026-07-01','TLV','BER',8),(27,'Active','18:00:00','2026-07-15','TLV','ZRH',2),(28,'Active','10:45:00','2026-08-05','TLV','VIE',6),(29,'Active','06:15:00','2026-08-20','TLV','MIA',3),(30,'Active','23:00:00','2026-09-10','TLV','HKG',4),(31,'Active','12:00:00','2026-09-25','TLV','BOS',1),(32,'Active','14:30:00','2026-10-10','TLV','SFO',2),(33,'Active','09:00:00','2026-11-01','TLV','ORD',3),(34,'Active','11:00:00','2026-11-15','TLV','YYZ',4),(35,'Active','16:00:00','2026-12-01','TLV','FRA',5),(36,'Cancelled','15:30:00','2026-02-20','TLV','ATH',10),(37,'Cancelled','08:15:00','2026-04-25','TLV','IST',6),(38,'Cancelled','10:00:00','2026-06-05','TLV','CDG',7),(39,'Cancelled','12:00:00','2026-08-12','TLV','MUC',8),(40,'Cancelled','14:00:00','2026-10-20','TLV','FCO',9),(41,'Fully Booked','11:00:00','2026-07-12','TLV','ATH',10);
/*!40000 ALTER TABLE `flight` ENABLE KEYS */;
UNLOCK TABLES;

--
-- Table structure for table `flight_attendants`
--

DROP TABLE IF EXISTS `flight_attendants`;
/*!40101 SET @saved_cs_client     = @@character_set_client */;
/*!50503 SET character_set_client = utf8mb4 */;
CREATE TABLE `flight_attendants` (
  `attendant_id` varchar(50) NOT NULL,
  `first_name_hebrew` varchar(50) NOT NULL,
  `last_name_hebrew` varchar(50) NOT NULL,
  `phone` varchar(15) DEFAULT NULL,
  `city` varchar(50) DEFAULT NULL,
  `street` varchar(50) DEFAULT NULL,
  `house_number` int DEFAULT NULL,
  `start_date` date NOT NULL,
  `long_flight_certified` tinyint(1) NOT NULL,
  PRIMARY KEY (`attendant_id`)
) ENGINE=InnoDB DEFAULT CHARSET=utf8mb4 COLLATE=utf8mb4_0900_ai_ci;
/*!40101 SET character_set_client = @saved_cs_client */;

--
-- Dumping data for table `flight_attendants`
--

LOCK TABLES `flight_attendants` WRITE;
/*!40000 ALTER TABLE `flight_attendants` DISABLE KEYS */;
INSERT INTO `flight_attendants` VALUES ('A1','עדי','כהן','0501110001','Tel Aviv','Dizengoff',100,'2018-01-01',1),('A10','לימור','בר','0501110010','Modiin','Tzeelon',2,'2022-01-01',0),('A11','מיה','ישראלי','0501110011','Tel Aviv','Allenby',50,'2018-05-01',1),('A12','נופר','שקד','0501110012','Givatayim','Weizmann',10,'2018-06-01',0),('A13','ליאת','צור','0501110013','Kfar Saba','Weizmann',15,'2019-03-01',1),('A14','מור','יצחקי','0501110014','Herzliya','HaAtzmaut',2,'2019-08-01',0),('A15','אור','סיון','0501110015','Ramat Gan','HaYarkon',33,'2020-04-01',1),('A16','תמר','אלון','0501110016','Rehovot','Herzl',120,'2020-11-01',1),('A17','לילך','ורד','0501110017','Hadera','HaNasi',5,'2021-02-01',0),('A18','אלה','ארז','0501110018','Eilat','HaTmarim',1,'2021-12-01',1),('A19','נטע','דקל','0501110019','Bat Yam','HaAtzmaut',60,'2022-03-01',0),('A2','מיכל','לוי','0501110002','Rishon LeZion','HaCarmel',5,'2018-01-01',1),('A20','ניצן','שושן','0501110020','Ness Ziona','Weizmann',8,'2022-06-01',1),('A3','יעל','שרון','0501110003','Haifa','HaZionut',12,'2019-01-01',0),('A4','נועה','אברהם','0501110004','Holon','Eilat',8,'2019-01-01',1),('A5','טלי','נוי','0501110005','Netanya','Borochov',22,'2020-01-01',0),('A6','רוני','אשכנזי','0501110006','Ashdod','HaNeviim',14,'2020-01-01',1),('A7','שני','מאור','0501110007','Ra\'anana','Kazan',30,'2021-01-01',0),('A8','דנה','גולן','0501110008','Petah Tikva','HaHistadrut',45,'2021-01-01',1),('A9','קרן','לביא','0501110009','Jerusalem','HaTurim',100,'2022-01-01',1);
/*!40000 ALTER TABLE `flight_attendants` ENABLE KEYS */;
UNLOCK TABLES;

--
-- Table structure for table `flight_attendants_assignment`
--

DROP TABLE IF EXISTS `flight_attendants_assignment`;
/*!40101 SET @saved_cs_client     = @@character_set_client */;
/*!50503 SET character_set_client = utf8mb4 */;
CREATE TABLE `flight_attendants_assignment` (
  `flight_id` int NOT NULL,
  `attendant_id` varchar(50) NOT NULL,
  PRIMARY KEY (`flight_id`,`attendant_id`),
  KEY `attendant_id` (`attendant_id`),
  CONSTRAINT `flight_attendants_assignment_ibfk_1` FOREIGN KEY (`flight_id`) REFERENCES `flight` (`flight_id`),
  CONSTRAINT `flight_attendants_assignment_ibfk_2` FOREIGN KEY (`attendant_id`) REFERENCES `flight_attendants` (`attendant_id`)
) ENGINE=InnoDB DEFAULT CHARSET=utf8mb4 COLLATE=utf8mb4_0900_ai_ci;
/*!40101 SET character_set_client = @saved_cs_client */;

--
-- Dumping data for table `flight_attendants_assignment`
--

LOCK TABLES `flight_attendants_assignment` WRITE;
/*!40000 ALTER TABLE `flight_attendants_assignment` DISABLE KEYS */;
INSERT INTO `flight_attendants_assignment` VALUES (1,'A1'),(4,'A1'),(8,'A1'),(10,'A1'),(19,'A1'),(21,'A1'),(23,'A1'),(25,'A1'),(29,'A1'),(33,'A1'),(34,'A1'),(35,'A1'),(41,'A1'),(3,'A10'),(10,'A10'),(13,'A10'),(18,'A10'),(41,'A10'),(4,'A11'),(5,'A11'),(6,'A11'),(7,'A11'),(8,'A11'),(9,'A11'),(12,'A11'),(16,'A11'),(27,'A11'),(32,'A11'),(33,'A11'),(34,'A11'),(35,'A11'),(5,'A12'),(20,'A12'),(35,'A12'),(41,'A12'),(4,'A13'),(6,'A13'),(8,'A13'),(11,'A13'),(12,'A13'),(13,'A13'),(14,'A13'),(17,'A13'),(19,'A13'),(21,'A13'),(22,'A13'),(24,'A13'),(29,'A13'),(31,'A13'),(34,'A13'),(20,'A14'),(26,'A14'),(27,'A14'),(28,'A14'),(35,'A14'),(1,'A15'),(4,'A15'),(16,'A15'),(21,'A15'),(26,'A15'),(30,'A15'),(32,'A15'),(33,'A15'),(2,'A16'),(12,'A16'),(14,'A16'),(17,'A16'),(23,'A16'),(24,'A16'),(27,'A16'),(28,'A16'),(29,'A16'),(30,'A16'),(35,'A17'),(1,'A18'),(3,'A18'),(6,'A18'),(9,'A18'),(13,'A18'),(15,'A18'),(18,'A18'),(19,'A18'),(22,'A18'),(23,'A18'),(24,'A18'),(25,'A18'),(31,'A18'),(32,'A18'),(7,'A19'),(13,'A19'),(1,'A2'),(6,'A2'),(8,'A2'),(9,'A2'),(15,'A2'),(16,'A2'),(17,'A2'),(19,'A2'),(21,'A2'),(30,'A2'),(31,'A2'),(32,'A2'),(33,'A2'),(35,'A2'),(1,'A20'),(2,'A20'),(9,'A20'),(18,'A20'),(19,'A20'),(23,'A20'),(24,'A20'),(27,'A20'),(29,'A20'),(33,'A20'),(34,'A20'),(5,'A3'),(20,'A3'),(26,'A3'),(4,'A4'),(9,'A4'),(11,'A4'),(12,'A4'),(15,'A4'),(19,'A4'),(23,'A4'),(24,'A4'),(29,'A4'),(30,'A4'),(31,'A4'),(32,'A4'),(33,'A4'),(34,'A4'),(10,'A5'),(13,'A5'),(22,'A5'),(25,'A5'),(2,'A6'),(3,'A6'),(8,'A6'),(12,'A6'),(16,'A6'),(30,'A6'),(31,'A6'),(32,'A6'),(13,'A7'),(6,'A8'),(7,'A8'),(9,'A8'),(12,'A8'),(16,'A8'),(21,'A8'),(27,'A8'),(30,'A8'),(1,'A9'),(4,'A9'),(6,'A9'),(8,'A9'),(11,'A9'),(14,'A9'),(16,'A9'),(21,'A9'),(23,'A9'),(24,'A9'),(27,'A9'),(28,'A9'),(29,'A9'),(31,'A9'),(34,'A9');
/*!40000 ALTER TABLE `flight_attendants_assignment` ENABLE KEYS */;
UNLOCK TABLES;

--
-- Table structure for table `guest_customer`
--

DROP TABLE IF EXISTS `guest_customer`;
/*!40101 SET @saved_cs_client     = @@character_set_client */;
/*!50503 SET character_set_client = utf8mb4 */;
CREATE TABLE `guest_customer` (
  `email` varchar(100) NOT NULL,
  `first_name_english` varchar(50) NOT NULL,
  `last_name_english` varchar(50) NOT NULL,
  PRIMARY KEY (`email`)
) ENGINE=InnoDB DEFAULT CHARSET=utf8mb4 COLLATE=utf8mb4_0900_ai_ci;
/*!40101 SET character_set_client = @saved_cs_client */;

--
-- Dumping data for table `guest_customer`
--

LOCK TABLES `guest_customer` WRITE;
/*!40000 ALTER TABLE `guest_customer` DISABLE KEYS */;
INSERT INTO `guest_customer` VALUES ('alice.w@gmail.com','Alice','White'),('bob.m@gmail.com','Bob','Miller'),('charlie.b@gmail.com','Charlie','Brown'),('david.w@gmail.com','David','Wilson'),('eve.t@gmail.com','Eve','Taylor'),('frank.h@gmail.com','Frank','Harris'),('grace.k@gmail.com','Grace','King'),('henry.f@gmail.com','Henry','Ford'),('jane.s@gmail.com','Jane','Smith'),('john.d@gmail.com','John','Doe');
/*!40000 ALTER TABLE `guest_customer` ENABLE KEYS */;
UNLOCK TABLES;

--
-- Table structure for table `guest_customer_phones`
--

DROP TABLE IF EXISTS `guest_customer_phones`;
/*!40101 SET @saved_cs_client     = @@character_set_client */;
/*!50503 SET character_set_client = utf8mb4 */;
CREATE TABLE `guest_customer_phones` (
  `email` varchar(100) NOT NULL,
  `phone_number` varchar(15) NOT NULL,
  PRIMARY KEY (`email`,`phone_number`),
  CONSTRAINT `guest_phone_ibfk_1` FOREIGN KEY (`email`) REFERENCES `guest_customer` (`email`)
) ENGINE=InnoDB DEFAULT CHARSET=utf8mb4 COLLATE=utf8mb4_0900_ai_ci;
/*!40101 SET character_set_client = @saved_cs_client */;

--
-- Dumping data for table `guest_customer_phones`
--

LOCK TABLES `guest_customer_phones` WRITE;
/*!40000 ALTER TABLE `guest_customer_phones` DISABLE KEYS */;
INSERT INTO `guest_customer_phones` VALUES ('alice.w@gmail.com','0504445566'),('bob.m@gmail.com','0543334455'),('charlie.b@gmail.com','0525556677'),('david.w@gmail.com','0546667788'),('eve.t@gmail.com','0507778899'),('frank.h@gmail.com','0528889900'),('grace.k@gmail.com','0549990011'),('henry.f@gmail.com','0500001122'),('jane.s@gmail.com','0522223344'),('john.d@gmail.com','0501112233');
/*!40000 ALTER TABLE `guest_customer_phones` ENABLE KEYS */;
UNLOCK TABLES;

--
-- Table structure for table `manager_flight_actions`
--

DROP TABLE IF EXISTS `manager_flight_actions`;
/*!40101 SET @saved_cs_client     = @@character_set_client */;
/*!50503 SET character_set_client = utf8mb4 */;
CREATE TABLE `manager_flight_actions` (
  `manager_id` varchar(50) NOT NULL,
  `flight_id` int NOT NULL,
  `action_type` enum('Add','Cancel') NOT NULL,
  `action_date` date NOT NULL,
  PRIMARY KEY (`manager_id`,`flight_id`,`action_date`),
  KEY `fk_flight` (`flight_id`),
  CONSTRAINT `fk_flight` FOREIGN KEY (`flight_id`) REFERENCES `flight` (`flight_id`) ON DELETE CASCADE,
  CONSTRAINT `fk_manager` FOREIGN KEY (`manager_id`) REFERENCES `managers` (`manager_id`) ON DELETE CASCADE
) ENGINE=InnoDB DEFAULT CHARSET=utf8mb4 COLLATE=utf8mb4_0900_ai_ci;
/*!40101 SET character_set_client = @saved_cs_client */;

--
-- Dumping data for table `manager_flight_actions`
--

LOCK TABLES `manager_flight_actions` WRITE;
/*!40000 ALTER TABLE `manager_flight_actions` DISABLE KEYS */;
INSERT INTO `manager_flight_actions` VALUES ('M1',5,'Add','2025-09-17'),('M1',10,'Add','2025-11-17'),('M1',15,'Add','2025-12-27'),('M1',20,'Add','2026-03-22'),('M1',25,'Add','2026-06-06'),('M1',30,'Add','2026-08-27'),('M1',35,'Add','2026-11-17'),('M1',39,'Cancel','2026-08-11'),('M1',40,'Add','2026-10-06'),('M2',1,'Add','2025-07-27'),('M2',6,'Add','2025-09-28'),('M2',11,'Add','2025-11-26'),('M2',16,'Add','2026-02-01'),('M2',21,'Add','2026-04-04'),('M2',26,'Add','2026-06-17'),('M2',31,'Add','2026-09-11'),('M2',36,'Add','2026-02-06'),('M2',38,'Cancel','2026-06-04'),('M2',41,'Add','2026-06-28'),('M3',2,'Add','2025-08-06'),('M3',7,'Add','2025-10-11'),('M3',12,'Add','2025-12-06'),('M3',17,'Add','2026-02-14'),('M3',22,'Add','2026-04-17'),('M3',27,'Add','2026-07-01'),('M3',32,'Add','2026-09-26'),('M3',37,'Add','2026-04-11'),('M3',37,'Cancel','2026-04-24'),('M4',3,'Add','2025-08-22'),('M4',8,'Add','2025-10-22'),('M4',13,'Add','2025-12-14'),('M4',18,'Add','2026-02-24'),('M4',23,'Add','2026-05-01'),('M4',28,'Add','2026-07-22'),('M4',33,'Add','2026-10-18'),('M4',36,'Cancel','2026-02-19'),('M4',38,'Add','2026-05-22'),('M5',4,'Add','2025-09-01'),('M5',9,'Add','2025-11-04'),('M5',14,'Add','2025-12-22'),('M5',19,'Add','2026-03-08'),('M5',24,'Add','2026-05-19'),('M5',29,'Add','2026-08-06'),('M5',34,'Add','2026-11-01'),('M5',39,'Add','2026-07-29'),('M5',40,'Cancel','2026-10-19');
/*!40000 ALTER TABLE `manager_flight_actions` ENABLE KEYS */;
UNLOCK TABLES;

--
-- Table structure for table `managers`
--

DROP TABLE IF EXISTS `managers`;
/*!40101 SET @saved_cs_client     = @@character_set_client */;
/*!50503 SET character_set_client = utf8mb4 */;
CREATE TABLE `managers` (
  `manager_id` varchar(50) NOT NULL,
  `first_name_hebrew` varchar(50) NOT NULL,
  `last_name_hebrew` varchar(50) NOT NULL,
  `phone` varchar(15) DEFAULT NULL,
  `city` varchar(50) DEFAULT NULL,
  `street` varchar(50) DEFAULT NULL,
  `house_number` int DEFAULT NULL,
  `start_date` date NOT NULL,
  `manager_password` varchar(50) NOT NULL,
  PRIMARY KEY (`manager_id`)
) ENGINE=InnoDB DEFAULT CHARSET=utf8mb4 COLLATE=utf8mb4_0900_ai_ci;
/*!40101 SET character_set_client = @saved_cs_client */;

--
-- Dumping data for table `managers`
--

LOCK TABLES `managers` WRITE;
/*!40000 ALTER TABLE `managers` DISABLE KEYS */;
INSERT INTO `managers` VALUES ('M1','יוסי','מזרחי','0539999991','Tel Aviv','HaShalom',1,'2010-01-01','admin123'),('M2','רחל','גבאי','0539999992','Netanya','HaAtzmaut',10,'2012-05-15','rachPass45'),('M3','איתן','סגל','0539999993','Haifa','HaZionut',5,'2015-08-20','eitanSecure!'),('M4','שרה','בלום','0539999994','Jerusalem','Gaza',12,'2018-03-10','sarahMgr88'),('M5','עופר','ויס','0539999995','Holon','Bialik',30,'2020-11-01','oferV_2026');
/*!40000 ALTER TABLE `managers` ENABLE KEYS */;
UNLOCK TABLES;

--
-- Table structure for table `pilots`
--

DROP TABLE IF EXISTS `pilots`;
/*!40101 SET @saved_cs_client     = @@character_set_client */;
/*!50503 SET character_set_client = utf8mb4 */;
CREATE TABLE `pilots` (
  `pilot_id` varchar(50) NOT NULL,
  `first_name_hebrew` varchar(50) NOT NULL,
  `last_name_hebrew` varchar(50) NOT NULL,
  `phone` varchar(15) DEFAULT NULL,
  `city` varchar(50) DEFAULT NULL,
  `street` varchar(50) DEFAULT NULL,
  `house_number` int DEFAULT NULL,
  `start_date` date NOT NULL,
  `long_flight_certified` tinyint(1) NOT NULL,
  PRIMARY KEY (`pilot_id`)
) ENGINE=InnoDB DEFAULT CHARSET=utf8mb4 COLLATE=utf8mb4_0900_ai_ci;
/*!40101 SET character_set_client = @saved_cs_client */;

--
-- Dumping data for table `pilots`
--

LOCK TABLES `pilots` WRITE;
/*!40000 ALTER TABLE `pilots` DISABLE KEYS */;
INSERT INTO `pilots` VALUES ('P1','אבי','כהן','0501111111','Tel Aviv','Herzl',10,'2015-01-01',1),('P10','יוסי','בר','0500000000','Modiin','Emek Ayalon',2,'2022-01-10',0),('P2','בני','לוי','0522222222','Haifa','HaNeviim',5,'2016-05-10',1),('P3','גדי','שרון','0543333333','Ramat Gan','Bialik',12,'2018-03-20',0),('P4','דני','אברהם','0504444444','Holon','Sokolov',8,'2019-07-15',1),('P5','הראל','נוי','0525555555','Netanya','Herzl',22,'2020-02-01',0),('P6','זאב','אשכנזי','0546666666','Ashdod','HaAtzmaut',14,'2014-11-11',1),('P7','זיו','מאור','0507777777','Ra\'anana','Ahuza',30,'2021-09-01',0),('P8','חנן','גולן','0528888888','Petah Tikva','Jabotinsky',45,'2017-06-05',1),('P9','יאיר','לביא','0549999999','Jerusalem','Jaffa',100,'2013-12-25',1);
/*!40000 ALTER TABLE `pilots` ENABLE KEYS */;
UNLOCK TABLES;

--
-- Table structure for table `pilots_assignment`
--

DROP TABLE IF EXISTS `pilots_assignment`;
/*!40101 SET @saved_cs_client     = @@character_set_client */;
/*!50503 SET character_set_client = utf8mb4 */;
CREATE TABLE `pilots_assignment` (
  `flight_id` int NOT NULL,
  `pilot_id` varchar(50) NOT NULL,
  PRIMARY KEY (`flight_id`,`pilot_id`),
  KEY `pilot_id` (`pilot_id`),
  CONSTRAINT `pilots_assignment_ibfk_1` FOREIGN KEY (`flight_id`) REFERENCES `flight` (`flight_id`),
  CONSTRAINT `pilots_assignment_ibfk_2` FOREIGN KEY (`pilot_id`) REFERENCES `pilots` (`pilot_id`)
) ENGINE=InnoDB DEFAULT CHARSET=utf8mb4 COLLATE=utf8mb4_0900_ai_ci;
/*!40101 SET character_set_client = @saved_cs_client */;

--
-- Dumping data for table `pilots_assignment`
--

LOCK TABLES `pilots_assignment` WRITE;
/*!40000 ALTER TABLE `pilots_assignment` DISABLE KEYS */;
INSERT INTO `pilots_assignment` VALUES (1,'P1'),(2,'P1'),(7,'P1'),(10,'P1'),(12,'P1'),(15,'P1'),(16,'P1'),(17,'P1'),(19,'P1'),(21,'P1'),(28,'P1'),(29,'P1'),(31,'P1'),(33,'P1'),(34,'P1'),(35,'P1'),(3,'P10'),(5,'P10'),(13,'P10'),(20,'P10'),(25,'P10'),(2,'P2'),(4,'P2'),(6,'P2'),(8,'P2'),(17,'P2'),(21,'P2'),(23,'P2'),(24,'P2'),(30,'P2'),(32,'P2'),(33,'P2'),(34,'P2'),(35,'P2'),(27,'P3'),(41,'P3'),(4,'P4'),(9,'P4'),(13,'P4'),(14,'P4'),(16,'P4'),(19,'P4'),(22,'P4'),(26,'P4'),(27,'P4'),(30,'P4'),(3,'P5'),(7,'P5'),(11,'P5'),(18,'P5'),(20,'P5'),(25,'P5'),(26,'P5'),(28,'P5'),(1,'P6'),(4,'P6'),(8,'P6'),(9,'P6'),(10,'P6'),(23,'P6'),(24,'P6'),(27,'P6'),(30,'P6'),(31,'P6'),(32,'P6'),(33,'P6'),(41,'P6'),(5,'P7'),(11,'P7'),(1,'P8'),(6,'P8'),(8,'P8'),(12,'P8'),(14,'P8'),(15,'P8'),(18,'P8'),(21,'P8'),(22,'P8'),(29,'P8'),(31,'P8'),(32,'P8'),(34,'P8'),(6,'P9'),(9,'P9'),(12,'P9'),(13,'P9'),(16,'P9'),(19,'P9'),(23,'P9'),(24,'P9'),(29,'P9'),(35,'P9');
/*!40000 ALTER TABLE `pilots_assignment` ENABLE KEYS */;
UNLOCK TABLES;

--
-- Table structure for table `registered_customer`
--

DROP TABLE IF EXISTS `registered_customer`;
/*!40101 SET @saved_cs_client     = @@character_set_client */;
/*!50503 SET character_set_client = utf8mb4 */;
CREATE TABLE `registered_customer` (
  `email` varchar(100) NOT NULL,
  `first_name_english` varchar(50) NOT NULL,
  `last_name_english` varchar(50) NOT NULL,
  `passport_number` varchar(20) NOT NULL,
  `birth_date` date NOT NULL,
  `registration_date` date NOT NULL,
  `customer_password` varchar(100) NOT NULL,
  PRIMARY KEY (`email`)
) ENGINE=InnoDB DEFAULT CHARSET=utf8mb4 COLLATE=utf8mb4_0900_ai_ci;
/*!40101 SET character_set_client = @saved_cs_client */;

--
-- Dumping data for table `registered_customer`
--

LOCK TABLES `registered_customer` WRITE;
/*!40000 ALTER TABLE `registered_customer` DISABLE KEYS */;
INSERT INTO `registered_customer` VALUES ('adi.p@gmail.com','Adi','Perez','504123876','2000-09-10','2024-07-05','adi2000'),('dan.b@gmail.com','Dan','Barak','403219876','1982-04-28','2024-08-11','dan_b'),('gal.h@gmail.com','Gal','Hadad','207891234','1996-10-25','2024-10-14','gal96'),('itay.m@yahoo.com','Itay','Mazor','204567891','1985-11-12','2024-02-15','itay85'),('maya.d@hotmail.com','Maya','Dahan','302987654','1995-12-05','2024-05-20','maya_d'),('noa.k@gmail.com','Noa','Katz','506789123','1998-03-30','2024-03-01','noa_pass'),('omri.g@gmail.com','Omri','Golan','405612347','1990-07-22','2024-04-12','omri90'),('ron.a@gmail.com','Ron','Arad','201234567','1988-01-15','2024-06-18','ron18'),('shira.l@gmail.com','Shira','Levi','312456789','1992-05-20','2024-01-10','pass123'),('tal.s@gmail.com','Tal','Shamir','305671234','1993-02-14','2024-09-30','tal93');
/*!40000 ALTER TABLE `registered_customer` ENABLE KEYS */;
UNLOCK TABLES;

--
-- Table structure for table `registered_customer_phones`
--

DROP TABLE IF EXISTS `registered_customer_phones`;
/*!40101 SET @saved_cs_client     = @@character_set_client */;
/*!50503 SET character_set_client = utf8mb4 */;
CREATE TABLE `registered_customer_phones` (
  `email` varchar(100) NOT NULL,
  `phone_number` varchar(15) NOT NULL,
  PRIMARY KEY (`email`,`phone_number`),
  CONSTRAINT `reg_phone_ibfk_1` FOREIGN KEY (`email`) REFERENCES `registered_customer` (`email`)
) ENGINE=InnoDB DEFAULT CHARSET=utf8mb4 COLLATE=utf8mb4_0900_ai_ci;
/*!40101 SET character_set_client = @saved_cs_client */;

--
-- Dumping data for table `registered_customer_phones`
--

LOCK TABLES `registered_customer_phones` WRITE;
/*!40000 ALTER TABLE `registered_customer_phones` DISABLE KEYS */;
INSERT INTO `registered_customer_phones` VALUES ('adi.p@gmail.com','034444444'),('adi.p@gmail.com','0502222222'),('dan.b@gmail.com','0523333333'),('gal.h@gmail.com','0507777777'),('itay.m@yahoo.com','0524567890'),('maya.d@hotmail.com','023334445'),('maya.d@hotmail.com','0528889990'),('noa.k@gmail.com','0541112222'),('noa.k@gmail.com','0547891234'),('noa.k@gmail.com','091234567'),('omri.g@gmail.com','0505556667'),('ron.a@gmail.com','0541111111'),('shira.l@gmail.com','039876543'),('shira.l@gmail.com','0501234567'),('tal.s@gmail.com','0545555555'),('tal.s@gmail.com','0546666666');
/*!40000 ALTER TABLE `registered_customer_phones` ENABLE KEYS */;
UNLOCK TABLES;

--
-- Table structure for table `routes`
--

DROP TABLE IF EXISTS `routes`;
/*!40101 SET @saved_cs_client     = @@character_set_client */;
/*!50503 SET character_set_client = utf8mb4 */;
CREATE TABLE `routes` (
  `origin_airport` varchar(10) NOT NULL,
  `destination_airport` varchar(10) NOT NULL,
  `flight_duration_mins` int DEFAULT NULL,
  PRIMARY KEY (`origin_airport`,`destination_airport`)
) ENGINE=InnoDB DEFAULT CHARSET=utf8mb4 COLLATE=utf8mb4_0900_ai_ci;
/*!40101 SET character_set_client = @saved_cs_client */;

--
-- Dumping data for table `routes`
--

LOCK TABLES `routes` WRITE;
/*!40000 ALTER TABLE `routes` DISABLE KEYS */;
INSERT INTO `routes` VALUES ('AMS','TLV',290),('ATH','TLV',110),('BCN','TLV',290),('BER','TLV',230),('BKK','TLV',720),('BOS','TLV',690),('CDG','TLV',270),('DXB','TLV',210),('EWR','TLV',670),('FCO','TLV',200),('FRA','TLV',250),('HKG','TLV',720),('IST','TLV',120),('JFK','TLV',660),('LAX','TLV',840),('LHR','TLV',290),('MAD','TLV',310),('MIA','TLV',780),('MUC','TLV',220),('ORD','TLV',720),('SFO','TLV',840),('SIN','TLV',780),('TLV','AMS',310),('TLV','ATH',120),('TLV','BCN',310),('TLV','BER',250),('TLV','BKK',660),('TLV','BOS',750),('TLV','CDG',290),('TLV','DXB',180),('TLV','EWR',730),('TLV','FCO',220),('TLV','FRA',270),('TLV','HKG',660),('TLV','IST',130),('TLV','JFK',720),('TLV','LAX',960),('TLV','LHR',310),('TLV','MAD',330),('TLV','MIA',840),('TLV','MUC',240),('TLV','ORD',780),('TLV','SFO',900),('TLV','SIN',720),('TLV','VIE',210),('TLV','YYZ',780),('TLV','ZRH',240),('VIE','TLV',190),('YYZ','TLV',720),('ZRH','TLV',220);
/*!40000 ALTER TABLE `routes` ENABLE KEYS */;
UNLOCK TABLES;

--
-- Table structure for table `seat`
--

DROP TABLE IF EXISTS `seat`;
/*!40101 SET @saved_cs_client     = @@character_set_client */;
/*!50503 SET character_set_client = utf8mb4 */;
CREATE TABLE `seat` (
  `aircraft_id` int NOT NULL,
  `class_type` varchar(20) NOT NULL,
  `row_num` int NOT NULL,
  `column_letter` char(1) NOT NULL,
  PRIMARY KEY (`aircraft_id`,`class_type`,`row_num`,`column_letter`),
  CONSTRAINT `seat_ibfk_1` FOREIGN KEY (`aircraft_id`, `class_type`) REFERENCES `class` (`aircraft_id`, `class_type`)
) ENGINE=InnoDB DEFAULT CHARSET=utf8mb4 COLLATE=utf8mb4_0900_ai_ci;
/*!40101 SET character_set_client = @saved_cs_client */;

--
-- Dumping data for table `seat`
--

LOCK TABLES `seat` WRITE;
/*!40000 ALTER TABLE `seat` DISABLE KEYS */;
INSERT INTO `seat` VALUES (1,'business',1,'A'),(1,'business',1,'B'),(1,'business',1,'C'),(1,'business',1,'D'),(1,'business',2,'A'),(1,'business',2,'B'),(1,'business',2,'C'),(1,'business',2,'D'),(1,'business',3,'A'),(1,'business',3,'B'),(1,'business',3,'C'),(1,'business',3,'D'),(1,'business',4,'A'),(1,'business',4,'B'),(1,'business',4,'C'),(1,'business',4,'D'),(1,'business',5,'A'),(1,'business',5,'B'),(1,'business',5,'C'),(1,'business',5,'D'),(1,'economy',6,'A'),(1,'economy',6,'B'),(1,'economy',6,'C'),(1,'economy',6,'D'),(1,'economy',6,'E'),(1,'economy',6,'F'),(1,'economy',7,'A'),(1,'economy',7,'B'),(1,'economy',7,'C'),(1,'economy',7,'D'),(1,'economy',7,'E'),(1,'economy',7,'F'),(1,'economy',8,'A'),(1,'economy',8,'B'),(1,'economy',8,'C'),(1,'economy',8,'D'),(1,'economy',8,'E'),(1,'economy',8,'F'),(1,'economy',9,'A'),(1,'economy',9,'B'),(1,'economy',9,'C'),(1,'economy',9,'D'),(1,'economy',9,'E'),(1,'economy',9,'F'),(1,'economy',10,'A'),(1,'economy',10,'B'),(1,'economy',10,'C'),(1,'economy',10,'D'),(1,'economy',10,'E'),(1,'economy',10,'F'),(1,'economy',11,'A'),(1,'economy',11,'B'),(1,'economy',11,'C'),(1,'economy',11,'D'),(1,'economy',11,'E'),(1,'economy',11,'F'),(1,'economy',12,'A'),(1,'economy',12,'B'),(1,'economy',12,'C'),(1,'economy',12,'D'),(1,'economy',12,'E'),(1,'economy',12,'F'),(1,'economy',13,'A'),(1,'economy',13,'B'),(1,'economy',13,'C'),(1,'economy',13,'D'),(1,'economy',13,'E'),(1,'economy',13,'F'),(1,'economy',14,'A'),(1,'economy',14,'B'),(1,'economy',14,'C'),(1,'economy',14,'D'),(1,'economy',14,'E'),(1,'economy',14,'F'),(1,'economy',15,'A'),(1,'economy',15,'B'),(1,'economy',15,'C'),(1,'economy',15,'D'),(1,'economy',15,'E'),(1,'economy',15,'F'),(1,'economy',16,'A'),(1,'economy',16,'B'),(1,'economy',16,'C'),(1,'economy',16,'D'),(1,'economy',16,'E'),(1,'economy',16,'F'),(1,'economy',17,'A'),(1,'economy',17,'B'),(1,'economy',17,'C'),(1,'economy',17,'D'),(1,'economy',17,'E'),(1,'economy',17,'F'),(1,'economy',18,'A'),(1,'economy',18,'B'),(1,'economy',18,'C'),(1,'economy',18,'D'),(1,'economy',18,'E'),(1,'economy',18,'F'),(1,'economy',19,'A'),(1,'economy',19,'B'),(1,'economy',19,'C'),(1,'economy',19,'D'),(1,'economy',19,'E'),(1,'economy',19,'F'),(1,'economy',20,'A'),(1,'economy',20,'B'),(1,'economy',20,'C'),(1,'economy',20,'D'),(1,'economy',20,'E'),(1,'economy',20,'F'),(1,'economy',21,'A'),(1,'economy',21,'B'),(1,'economy',21,'C'),(1,'economy',21,'D'),(1,'economy',21,'E'),(1,'economy',21,'F'),(1,'economy',22,'A'),(1,'economy',22,'B'),(1,'economy',22,'C'),(1,'economy',22,'D'),(1,'economy',22,'E'),(1,'economy',22,'F'),(1,'economy',23,'A'),(1,'economy',23,'B'),(1,'economy',23,'C'),(1,'economy',23,'D'),(1,'economy',23,'E'),(1,'economy',23,'F'),(1,'economy',24,'A'),(1,'economy',24,'B'),(1,'economy',24,'C'),(1,'economy',24,'D'),(1,'economy',24,'E'),(1,'economy',24,'F'),(1,'economy',25,'A'),(1,'economy',25,'B'),(1,'economy',25,'C'),(1,'economy',25,'D'),(1,'economy',25,'E'),(1,'economy',25,'F'),(2,'business',1,'A'),(2,'business',1,'B'),(2,'business',1,'C'),(2,'business',1,'D'),(2,'business',2,'A'),(2,'business',2,'B'),(2,'business',2,'C'),(2,'business',2,'D'),(2,'business',3,'A'),(2,'business',3,'B'),(2,'business',3,'C'),(2,'business',3,'D'),(2,'business',4,'A'),(2,'business',4,'B'),(2,'business',4,'C'),(2,'business',4,'D'),(2,'business',5,'A'),(2,'business',5,'B'),(2,'business',5,'C'),(2,'business',5,'D'),(2,'economy',6,'A'),(2,'economy',6,'B'),(2,'economy',6,'C'),(2,'economy',6,'D'),(2,'economy',6,'E'),(2,'economy',6,'F'),(2,'economy',7,'A'),(2,'economy',7,'B'),(2,'economy',7,'C'),(2,'economy',7,'D'),(2,'economy',7,'E'),(2,'economy',7,'F'),(2,'economy',8,'A'),(2,'economy',8,'B'),(2,'economy',8,'C'),(2,'economy',8,'D'),(2,'economy',8,'E'),(2,'economy',8,'F'),(2,'economy',9,'A'),(2,'economy',9,'B'),(2,'economy',9,'C'),(2,'economy',9,'D'),(2,'economy',9,'E'),(2,'economy',9,'F'),(2,'economy',10,'A'),(2,'economy',10,'B'),(2,'economy',10,'C'),(2,'economy',10,'D'),(2,'economy',10,'E'),(2,'economy',10,'F'),(2,'economy',11,'A'),(2,'economy',11,'B'),(2,'economy',11,'C'),(2,'economy',11,'D'),(2,'economy',11,'E'),(2,'economy',11,'F'),(2,'economy',12,'A'),(2,'economy',12,'B'),(2,'economy',12,'C'),(2,'economy',12,'D'),(2,'economy',12,'E'),(2,'economy',12,'F'),(2,'economy',13,'A'),(2,'economy',13,'B'),(2,'economy',13,'C'),(2,'economy',13,'D'),(2,'economy',13,'E'),(2,'economy',13,'F'),(2,'economy',14,'A'),(2,'economy',14,'B'),(2,'economy',14,'C'),(2,'economy',14,'D'),(2,'economy',14,'E'),(2,'economy',14,'F'),(2,'economy',15,'A'),(2,'economy',15,'B'),(2,'economy',15,'C'),(2,'economy',15,'D'),(2,'economy',15,'E'),(2,'economy',15,'F'),(2,'economy',16,'A'),(2,'economy',16,'B'),(2,'economy',16,'C'),(2,'economy',16,'D'),(2,'economy',16,'E'),(2,'economy',16,'F'),(2,'economy',17,'A'),(2,'economy',17,'B'),(2,'economy',17,'C'),(2,'economy',17,'D'),(2,'economy',17,'E'),(2,'economy',17,'F'),(2,'economy',18,'A'),(2,'economy',18,'B'),(2,'economy',18,'C'),(2,'economy',18,'D'),(2,'economy',18,'E'),(2,'economy',18,'F'),(2,'economy',19,'A'),(2,'economy',19,'B'),(2,'economy',19,'C'),(2,'economy',19,'D'),(2,'economy',19,'E'),(2,'economy',19,'F'),(2,'economy',20,'A'),(2,'economy',20,'B'),(2,'economy',20,'C'),(2,'economy',20,'D'),(2,'economy',20,'E'),(2,'economy',20,'F'),(2,'economy',21,'A'),(2,'economy',21,'B'),(2,'economy',21,'C'),(2,'economy',21,'D'),(2,'economy',21,'E'),(2,'economy',21,'F'),(2,'economy',22,'A'),(2,'economy',22,'B'),(2,'economy',22,'C'),(2,'economy',22,'D'),(2,'economy',22,'E'),(2,'economy',22,'F'),(2,'economy',23,'A'),(2,'economy',23,'B'),(2,'economy',23,'C'),(2,'economy',23,'D'),(2,'economy',23,'E'),(2,'economy',23,'F'),(2,'economy',24,'A'),(2,'economy',24,'B'),(2,'economy',24,'C'),(2,'economy',24,'D'),(2,'economy',24,'E'),(2,'economy',24,'F'),(2,'economy',25,'A'),(2,'economy',25,'B'),(2,'economy',25,'C'),(2,'economy',25,'D'),(2,'economy',25,'E'),(2,'economy',25,'F'),(3,'business',1,'A'),(3,'business',1,'B'),(3,'business',1,'C'),(3,'business',1,'D'),(3,'business',2,'A'),(3,'business',2,'B'),(3,'business',2,'C'),(3,'business',2,'D'),(3,'business',3,'A'),(3,'business',3,'B'),(3,'business',3,'C'),(3,'business',3,'D'),(3,'business',4,'A'),(3,'business',4,'B'),(3,'business',4,'C'),(3,'business',4,'D'),(3,'business',5,'A'),(3,'business',5,'B'),(3,'business',5,'C'),(3,'business',5,'D'),(3,'economy',6,'A'),(3,'economy',6,'B'),(3,'economy',6,'C'),(3,'economy',6,'D'),(3,'economy',6,'E'),(3,'economy',6,'F'),(3,'economy',7,'A'),(3,'economy',7,'B'),(3,'economy',7,'C'),(3,'economy',7,'D'),(3,'economy',7,'E'),(3,'economy',7,'F'),(3,'economy',8,'A'),(3,'economy',8,'B'),(3,'economy',8,'C'),(3,'economy',8,'D'),(3,'economy',8,'E'),(3,'economy',8,'F'),(3,'economy',9,'A'),(3,'economy',9,'B'),(3,'economy',9,'C'),(3,'economy',9,'D'),(3,'economy',9,'E'),(3,'economy',9,'F'),(3,'economy',10,'A'),(3,'economy',10,'B'),(3,'economy',10,'C'),(3,'economy',10,'D'),(3,'economy',10,'E'),(3,'economy',10,'F'),(3,'economy',11,'A'),(3,'economy',11,'B'),(3,'economy',11,'C'),(3,'economy',11,'D'),(3,'economy',11,'E'),(3,'economy',11,'F'),(3,'economy',12,'A'),(3,'economy',12,'B'),(3,'economy',12,'C'),(3,'economy',12,'D'),(3,'economy',12,'E'),(3,'economy',12,'F'),(3,'economy',13,'A'),(3,'economy',13,'B'),(3,'economy',13,'C'),(3,'economy',13,'D'),(3,'economy',13,'E'),(3,'economy',13,'F'),(3,'economy',14,'A'),(3,'economy',14,'B'),(3,'economy',14,'C'),(3,'economy',14,'D'),(3,'economy',14,'E'),(3,'economy',14,'F'),(3,'economy',15,'A'),(3,'economy',15,'B'),(3,'economy',15,'C'),(3,'economy',15,'D'),(3,'economy',15,'E'),(3,'economy',15,'F'),(3,'economy',16,'A'),(3,'economy',16,'B'),(3,'economy',16,'C'),(3,'economy',16,'D'),(3,'economy',16,'E'),(3,'economy',16,'F'),(3,'economy',17,'A'),(3,'economy',17,'B'),(3,'economy',17,'C'),(3,'economy',17,'D'),(3,'economy',17,'E'),(3,'economy',17,'F'),(3,'economy',18,'A'),(3,'economy',18,'B'),(3,'economy',18,'C'),(3,'economy',18,'D'),(3,'economy',18,'E'),(3,'economy',18,'F'),(3,'economy',19,'A'),(3,'economy',19,'B'),(3,'economy',19,'C'),(3,'economy',19,'D'),(3,'economy',19,'E'),(3,'economy',19,'F'),(3,'economy',20,'A'),(3,'economy',20,'B'),(3,'economy',20,'C'),(3,'economy',20,'D'),(3,'economy',20,'E'),(3,'economy',20,'F'),(3,'economy',21,'A'),(3,'economy',21,'B'),(3,'economy',21,'C'),(3,'economy',21,'D'),(3,'economy',21,'E'),(3,'economy',21,'F'),(3,'economy',22,'A'),(3,'economy',22,'B'),(3,'economy',22,'C'),(3,'economy',22,'D'),(3,'economy',22,'E'),(3,'economy',22,'F'),(3,'economy',23,'A'),(3,'economy',23,'B'),(3,'economy',23,'C'),(3,'economy',23,'D'),(3,'economy',23,'E'),(3,'economy',23,'F'),(3,'economy',24,'A'),(3,'economy',24,'B'),(3,'economy',24,'C'),(3,'economy',24,'D'),(3,'economy',24,'E'),(3,'economy',24,'F'),(3,'economy',25,'A'),(3,'economy',25,'B'),(3,'economy',25,'C'),(3,'economy',25,'D'),(3,'economy',25,'E'),(3,'economy',25,'F'),(4,'business',1,'A'),(4,'business',1,'B'),(4,'business',1,'C'),(4,'business',1,'D'),(4,'business',2,'A'),(4,'business',2,'B'),(4,'business',2,'C'),(4,'business',2,'D'),(4,'business',3,'A'),(4,'business',3,'B'),(4,'business',3,'C'),(4,'business',3,'D'),(4,'business',4,'A'),(4,'business',4,'B'),(4,'business',4,'C'),(4,'business',4,'D'),(4,'business',5,'A'),(4,'business',5,'B'),(4,'business',5,'C'),(4,'business',5,'D'),(4,'economy',6,'A'),(4,'economy',6,'B'),(4,'economy',6,'C'),(4,'economy',6,'D'),(4,'economy',6,'E'),(4,'economy',6,'F'),(4,'economy',7,'A'),(4,'economy',7,'B'),(4,'economy',7,'C'),(4,'economy',7,'D'),(4,'economy',7,'E'),(4,'economy',7,'F'),(4,'economy',8,'A'),(4,'economy',8,'B'),(4,'economy',8,'C'),(4,'economy',8,'D'),(4,'economy',8,'E'),(4,'economy',8,'F'),(4,'economy',9,'A'),(4,'economy',9,'B'),(4,'economy',9,'C'),(4,'economy',9,'D'),(4,'economy',9,'E'),(4,'economy',9,'F'),(4,'economy',10,'A'),(4,'economy',10,'B'),(4,'economy',10,'C'),(4,'economy',10,'D'),(4,'economy',10,'E'),(4,'economy',10,'F'),(4,'economy',11,'A'),(4,'economy',11,'B'),(4,'economy',11,'C'),(4,'economy',11,'D'),(4,'economy',11,'E'),(4,'economy',11,'F'),(4,'economy',12,'A'),(4,'economy',12,'B'),(4,'economy',12,'C'),(4,'economy',12,'D'),(4,'economy',12,'E'),(4,'economy',12,'F'),(4,'economy',13,'A'),(4,'economy',13,'B'),(4,'economy',13,'C'),(4,'economy',13,'D'),(4,'economy',13,'E'),(4,'economy',13,'F'),(4,'economy',14,'A'),(4,'economy',14,'B'),(4,'economy',14,'C'),(4,'economy',14,'D'),(4,'economy',14,'E'),(4,'economy',14,'F'),(4,'economy',15,'A'),(4,'economy',15,'B'),(4,'economy',15,'C'),(4,'economy',15,'D'),(4,'economy',15,'E'),(4,'economy',15,'F'),(4,'economy',16,'A'),(4,'economy',16,'B'),(4,'economy',16,'C'),(4,'economy',16,'D'),(4,'economy',16,'E'),(4,'economy',16,'F'),(4,'economy',17,'A'),(4,'economy',17,'B'),(4,'economy',17,'C'),(4,'economy',17,'D'),(4,'economy',17,'E'),(4,'economy',17,'F'),(4,'economy',18,'A'),(4,'economy',18,'B'),(4,'economy',18,'C'),(4,'economy',18,'D'),(4,'economy',18,'E'),(4,'economy',18,'F'),(4,'economy',19,'A'),(4,'economy',19,'B'),(4,'economy',19,'C'),(4,'economy',19,'D'),(4,'economy',19,'E'),(4,'economy',19,'F'),(4,'economy',20,'A'),(4,'economy',20,'B'),(4,'economy',20,'C'),(4,'economy',20,'D'),(4,'economy',20,'E'),(4,'economy',20,'F'),(4,'economy',21,'A'),(4,'economy',21,'B'),(4,'economy',21,'C'),(4,'economy',21,'D'),(4,'economy',21,'E'),(4,'economy',21,'F'),(4,'economy',22,'A'),(4,'economy',22,'B'),(4,'economy',22,'C'),(4,'economy',22,'D'),(4,'economy',22,'E'),(4,'economy',22,'F'),(4,'economy',23,'A'),(4,'economy',23,'B'),(4,'economy',23,'C'),(4,'economy',23,'D'),(4,'economy',23,'E'),(4,'economy',23,'F'),(4,'economy',24,'A'),(4,'economy',24,'B'),(4,'economy',24,'C'),(4,'economy',24,'D'),(4,'economy',24,'E'),(4,'economy',24,'F'),(4,'economy',25,'A'),(4,'economy',25,'B'),(4,'economy',25,'C'),(4,'economy',25,'D'),(4,'economy',25,'E'),(4,'economy',25,'F'),(5,'business',1,'A'),(5,'business',1,'B'),(5,'business',1,'C'),(5,'business',1,'D'),(5,'business',2,'A'),(5,'business',2,'B'),(5,'business',2,'C'),(5,'business',2,'D'),(5,'business',3,'A'),(5,'business',3,'B'),(5,'business',3,'C'),(5,'business',3,'D'),(5,'business',4,'A'),(5,'business',4,'B'),(5,'business',4,'C'),(5,'business',4,'D'),(5,'business',5,'A'),(5,'business',5,'B'),(5,'business',5,'C'),(5,'business',5,'D'),(5,'economy',6,'A'),(5,'economy',6,'B'),(5,'economy',6,'C'),(5,'economy',6,'D'),(5,'economy',6,'E'),(5,'economy',6,'F'),(5,'economy',7,'A'),(5,'economy',7,'B'),(5,'economy',7,'C'),(5,'economy',7,'D'),(5,'economy',7,'E'),(5,'economy',7,'F'),(5,'economy',8,'A'),(5,'economy',8,'B'),(5,'economy',8,'C'),(5,'economy',8,'D'),(5,'economy',8,'E'),(5,'economy',8,'F'),(5,'economy',9,'A'),(5,'economy',9,'B'),(5,'economy',9,'C'),(5,'economy',9,'D'),(5,'economy',9,'E'),(5,'economy',9,'F'),(5,'economy',10,'A'),(5,'economy',10,'B'),(5,'economy',10,'C'),(5,'economy',10,'D'),(5,'economy',10,'E'),(5,'economy',10,'F'),(5,'economy',11,'A'),(5,'economy',11,'B'),(5,'economy',11,'C'),(5,'economy',11,'D'),(5,'economy',11,'E'),(5,'economy',11,'F'),(5,'economy',12,'A'),(5,'economy',12,'B'),(5,'economy',12,'C'),(5,'economy',12,'D'),(5,'economy',12,'E'),(5,'economy',12,'F'),(5,'economy',13,'A'),(5,'economy',13,'B'),(5,'economy',13,'C'),(5,'economy',13,'D'),(5,'economy',13,'E'),(5,'economy',13,'F'),(5,'economy',14,'A'),(5,'economy',14,'B'),(5,'economy',14,'C'),(5,'economy',14,'D'),(5,'economy',14,'E'),(5,'economy',14,'F'),(5,'economy',15,'A'),(5,'economy',15,'B'),(5,'economy',15,'C'),(5,'economy',15,'D'),(5,'economy',15,'E'),(5,'economy',15,'F'),(5,'economy',16,'A'),(5,'economy',16,'B'),(5,'economy',16,'C'),(5,'economy',16,'D'),(5,'economy',16,'E'),(5,'economy',16,'F'),(5,'economy',17,'A'),(5,'economy',17,'B'),(5,'economy',17,'C'),(5,'economy',17,'D'),(5,'economy',17,'E'),(5,'economy',17,'F'),(5,'economy',18,'A'),(5,'economy',18,'B'),(5,'economy',18,'C'),(5,'economy',18,'D'),(5,'economy',18,'E'),(5,'economy',18,'F'),(5,'economy',19,'A'),(5,'economy',19,'B'),(5,'economy',19,'C'),(5,'economy',19,'D'),(5,'economy',19,'E'),(5,'economy',19,'F'),(5,'economy',20,'A'),(5,'economy',20,'B'),(5,'economy',20,'C'),(5,'economy',20,'D'),(5,'economy',20,'E'),(5,'economy',20,'F'),(5,'economy',21,'A'),(5,'economy',21,'B'),(5,'economy',21,'C'),(5,'economy',21,'D'),(5,'economy',21,'E'),(5,'economy',21,'F'),(5,'economy',22,'A'),(5,'economy',22,'B'),(5,'economy',22,'C'),(5,'economy',22,'D'),(5,'economy',22,'E'),(5,'economy',22,'F'),(5,'economy',23,'A'),(5,'economy',23,'B'),(5,'economy',23,'C'),(5,'economy',23,'D'),(5,'economy',23,'E'),(5,'economy',23,'F'),(5,'economy',24,'A'),(5,'economy',24,'B'),(5,'economy',24,'C'),(5,'economy',24,'D'),(5,'economy',24,'E'),(5,'economy',24,'F'),(5,'economy',25,'A'),(5,'economy',25,'B'),(5,'economy',25,'C'),(5,'economy',25,'D'),(5,'economy',25,'E'),(5,'economy',25,'F'),(6,'economy',1,'A'),(6,'economy',1,'B'),(6,'economy',1,'C'),(6,'economy',1,'D'),(6,'economy',2,'A'),(6,'economy',2,'B'),(6,'economy',2,'C'),(6,'economy',2,'D'),(6,'economy',3,'A'),(6,'economy',3,'B'),(6,'economy',3,'C'),(6,'economy',3,'D'),(6,'economy',4,'A'),(6,'economy',4,'B'),(6,'economy',4,'C'),(6,'economy',4,'D'),(6,'economy',5,'A'),(6,'economy',5,'B'),(6,'economy',5,'C'),(6,'economy',5,'D'),(6,'economy',6,'A'),(6,'economy',6,'B'),(6,'economy',6,'C'),(6,'economy',6,'D'),(6,'economy',7,'A'),(6,'economy',7,'B'),(6,'economy',7,'C'),(6,'economy',7,'D'),(6,'economy',8,'A'),(6,'economy',8,'B'),(6,'economy',8,'C'),(6,'economy',8,'D'),(6,'economy',9,'A'),(6,'economy',9,'B'),(6,'economy',9,'C'),(6,'economy',9,'D'),(6,'economy',10,'A'),(6,'economy',10,'B'),(6,'economy',10,'C'),(6,'economy',10,'D'),(6,'economy',11,'A'),(6,'economy',11,'B'),(6,'economy',11,'C'),(6,'economy',11,'D'),(6,'economy',12,'A'),(6,'economy',12,'B'),(6,'economy',12,'C'),(6,'economy',12,'D'),(6,'economy',13,'A'),(6,'economy',13,'B'),(6,'economy',13,'C'),(6,'economy',13,'D'),(6,'economy',14,'A'),(6,'economy',14,'B'),(6,'economy',14,'C'),(6,'economy',14,'D'),(6,'economy',15,'A'),(6,'economy',15,'B'),(6,'economy',15,'C'),(6,'economy',15,'D'),(7,'economy',1,'A'),(7,'economy',1,'B'),(7,'economy',1,'C'),(7,'economy',1,'D'),(7,'economy',2,'A'),(7,'economy',2,'B'),(7,'economy',2,'C'),(7,'economy',2,'D'),(7,'economy',3,'A'),(7,'economy',3,'B'),(7,'economy',3,'C'),(7,'economy',3,'D'),(7,'economy',4,'A'),(7,'economy',4,'B'),(7,'economy',4,'C'),(7,'economy',4,'D'),(7,'economy',5,'A'),(7,'economy',5,'B'),(7,'economy',5,'C'),(7,'economy',5,'D'),(7,'economy',6,'A'),(7,'economy',6,'B'),(7,'economy',6,'C'),(7,'economy',6,'D'),(7,'economy',7,'A'),(7,'economy',7,'B'),(7,'economy',7,'C'),(7,'economy',7,'D'),(7,'economy',8,'A'),(7,'economy',8,'B'),(7,'economy',8,'C'),(7,'economy',8,'D'),(7,'economy',9,'A'),(7,'economy',9,'B'),(7,'economy',9,'C'),(7,'economy',9,'D'),(7,'economy',10,'A'),(7,'economy',10,'B'),(7,'economy',10,'C'),(7,'economy',10,'D'),(7,'economy',11,'A'),(7,'economy',11,'B'),(7,'economy',11,'C'),(7,'economy',11,'D'),(7,'economy',12,'A'),(7,'economy',12,'B'),(7,'economy',12,'C'),(7,'economy',12,'D'),(7,'economy',13,'A'),(7,'economy',13,'B'),(7,'economy',13,'C'),(7,'economy',13,'D'),(7,'economy',14,'A'),(7,'economy',14,'B'),(7,'economy',14,'C'),(7,'economy',14,'D'),(7,'economy',15,'A'),(7,'economy',15,'B'),(7,'economy',15,'C'),(7,'economy',15,'D'),(8,'economy',1,'A'),(8,'economy',1,'B'),(8,'economy',1,'C'),(8,'economy',1,'D'),(8,'economy',2,'A'),(8,'economy',2,'B'),(8,'economy',2,'C'),(8,'economy',2,'D'),(8,'economy',3,'A'),(8,'economy',3,'B'),(8,'economy',3,'C'),(8,'economy',3,'D'),(8,'economy',4,'A'),(8,'economy',4,'B'),(8,'economy',4,'C'),(8,'economy',4,'D'),(8,'economy',5,'A'),(8,'economy',5,'B'),(8,'economy',5,'C'),(8,'economy',5,'D'),(8,'economy',6,'A'),(8,'economy',6,'B'),(8,'economy',6,'C'),(8,'economy',6,'D'),(8,'economy',7,'A'),(8,'economy',7,'B'),(8,'economy',7,'C'),(8,'economy',7,'D'),(8,'economy',8,'A'),(8,'economy',8,'B'),(8,'economy',8,'C'),(8,'economy',8,'D'),(8,'economy',9,'A'),(8,'economy',9,'B'),(8,'economy',9,'C'),(8,'economy',9,'D'),(8,'economy',10,'A'),(8,'economy',10,'B'),(8,'economy',10,'C'),(8,'economy',10,'D'),(8,'economy',11,'A'),(8,'economy',11,'B'),(8,'economy',11,'C'),(8,'economy',11,'D'),(8,'economy',12,'A'),(8,'economy',12,'B'),(8,'economy',12,'C'),(8,'economy',12,'D'),(8,'economy',13,'A'),(8,'economy',13,'B'),(8,'economy',13,'C'),(8,'economy',13,'D'),(8,'economy',14,'A'),(8,'economy',14,'B'),(8,'economy',14,'C'),(8,'economy',14,'D'),(8,'economy',15,'A'),(8,'economy',15,'B'),(8,'economy',15,'C'),(8,'economy',15,'D'),(9,'economy',1,'A'),(9,'economy',1,'B'),(9,'economy',1,'C'),(9,'economy',1,'D'),(9,'economy',2,'A'),(9,'economy',2,'B'),(9,'economy',2,'C'),(9,'economy',2,'D'),(9,'economy',3,'A'),(9,'economy',3,'B'),(9,'economy',3,'C'),(9,'economy',3,'D'),(9,'economy',4,'A'),(9,'economy',4,'B'),(9,'economy',4,'C'),(9,'economy',4,'D'),(9,'economy',5,'A'),(9,'economy',5,'B'),(9,'economy',5,'C'),(9,'economy',5,'D'),(9,'economy',6,'A'),(9,'economy',6,'B'),(9,'economy',6,'C'),(9,'economy',6,'D'),(9,'economy',7,'A'),(9,'economy',7,'B'),(9,'economy',7,'C'),(9,'economy',7,'D'),(9,'economy',8,'A'),(9,'economy',8,'B'),(9,'economy',8,'C'),(9,'economy',8,'D'),(9,'economy',9,'A'),(9,'economy',9,'B'),(9,'economy',9,'C'),(9,'economy',9,'D'),(9,'economy',10,'A'),(9,'economy',10,'B'),(9,'economy',10,'C'),(9,'economy',10,'D'),(9,'economy',11,'A'),(9,'economy',11,'B'),(9,'economy',11,'C'),(9,'economy',11,'D'),(9,'economy',12,'A'),(9,'economy',12,'B'),(9,'economy',12,'C'),(9,'economy',12,'D'),(9,'economy',13,'A'),(9,'economy',13,'B'),(9,'economy',13,'C'),(9,'economy',13,'D'),(9,'economy',14,'A'),(9,'economy',14,'B'),(9,'economy',14,'C'),(9,'economy',14,'D'),(9,'economy',15,'A'),(9,'economy',15,'B'),(9,'economy',15,'C'),(9,'economy',15,'D'),(10,'economy',1,'A'),(10,'economy',1,'B'),(10,'economy',1,'C'),(10,'economy',1,'D'),(10,'economy',2,'A'),(10,'economy',2,'B'),(10,'economy',2,'C'),(10,'economy',2,'D'),(10,'economy',3,'A'),(10,'economy',3,'B'),(10,'economy',3,'C'),(10,'economy',3,'D'),(10,'economy',4,'A'),(10,'economy',4,'B'),(10,'economy',4,'C'),(10,'economy',4,'D'),(10,'economy',5,'A'),(10,'economy',5,'B'),(10,'economy',5,'C'),(10,'economy',5,'D'),(10,'economy',6,'A'),(10,'economy',6,'B'),(10,'economy',6,'C'),(10,'economy',6,'D'),(10,'economy',7,'A'),(10,'economy',7,'B'),(10,'economy',7,'C'),(10,'economy',7,'D'),(10,'economy',8,'A'),(10,'economy',8,'B'),(10,'economy',8,'C'),(10,'economy',8,'D'),(10,'economy',9,'A'),(10,'economy',9,'B'),(10,'economy',9,'C'),(10,'economy',9,'D'),(10,'economy',10,'A'),(10,'economy',10,'B'),(10,'economy',10,'C'),(10,'economy',10,'D'),(10,'economy',11,'A'),(10,'economy',11,'B'),(10,'economy',11,'C'),(10,'economy',11,'D'),(10,'economy',12,'A'),(10,'economy',12,'B'),(10,'economy',12,'C'),(10,'economy',12,'D'),(10,'economy',13,'A'),(10,'economy',13,'B'),(10,'economy',13,'C'),(10,'economy',13,'D'),(10,'economy',14,'A'),(10,'economy',14,'B'),(10,'economy',14,'C'),(10,'economy',14,'D'),(10,'economy',15,'A'),(10,'economy',15,'B'),(10,'economy',15,'C'),(10,'economy',15,'D');
/*!40000 ALTER TABLE `seat` ENABLE KEYS */;
UNLOCK TABLES;

--
-- Table structure for table `selected_seats_in_booking`
--

DROP TABLE IF EXISTS `selected_seats_in_booking`;
/*!40101 SET @saved_cs_client     = @@character_set_client */;
/*!50503 SET character_set_client = utf8mb4 */;
CREATE TABLE `selected_seats_in_booking` (
  `booking_id` int NOT NULL,
  `aircraft_id` int NOT NULL,
  `class_type` varchar(20) NOT NULL,
  `row_num` int NOT NULL,
  `column_letter` char(1) NOT NULL,
  PRIMARY KEY (`booking_id`,`aircraft_id`,`class_type`,`row_num`,`column_letter`),
  KEY `aircraft_id` (`aircraft_id`,`class_type`,`row_num`,`column_letter`),
  CONSTRAINT `selected_seats_in_booking_ibfk_1` FOREIGN KEY (`booking_id`) REFERENCES `booking` (`booking_id`),
  CONSTRAINT `selected_seats_in_booking_ibfk_2` FOREIGN KEY (`aircraft_id`, `class_type`, `row_num`, `column_letter`) REFERENCES `seat` (`aircraft_id`, `class_type`, `row_num`, `column_letter`)
) ENGINE=InnoDB DEFAULT CHARSET=utf8mb4 COLLATE=utf8mb4_0900_ai_ci;
/*!40101 SET character_set_client = @saved_cs_client */;

--
-- Dumping data for table `selected_seats_in_booking`
--

LOCK TABLES `selected_seats_in_booking` WRITE;
/*!40000 ALTER TABLE `selected_seats_in_booking` DISABLE KEYS */;
INSERT INTO `selected_seats_in_booking` VALUES (2,1,'business',1,'A'),(180,1,'business',1,'A'),(360,1,'business',1,'A'),(2,1,'business',1,'B'),(180,1,'business',1,'B'),(360,1,'business',1,'B'),(2,1,'business',1,'C'),(182,1,'business',1,'C'),(360,1,'business',1,'C'),(2,1,'business',1,'D'),(182,1,'business',1,'D'),(360,1,'business',1,'D'),(3,1,'business',2,'A'),(182,1,'business',2,'A'),(360,1,'business',2,'A'),(4,1,'business',2,'B'),(182,1,'business',2,'B'),(360,1,'business',2,'B'),(4,1,'business',2,'C'),(182,1,'business',2,'C'),(363,1,'business',2,'C'),(4,1,'business',2,'D'),(182,1,'business',2,'D'),(363,1,'business',2,'D'),(4,1,'business',3,'A'),(363,1,'business',3,'A'),(4,1,'business',3,'B'),(366,1,'business',3,'B'),(4,1,'business',3,'C'),(366,1,'business',3,'C'),(5,1,'business',3,'D'),(366,1,'business',3,'D'),(5,1,'business',4,'A'),(369,1,'business',4,'A'),(5,1,'business',4,'B'),(371,1,'business',4,'B'),(6,1,'business',4,'C'),(371,1,'business',4,'C'),(6,1,'business',4,'D'),(371,1,'business',4,'D'),(6,1,'business',5,'A'),(371,1,'business',5,'A'),(6,1,'business',5,'B'),(375,1,'business',5,'B'),(6,1,'business',5,'C'),(375,1,'business',5,'C'),(6,1,'business',5,'D'),(375,1,'business',5,'D'),(1,1,'economy',6,'A'),(176,1,'economy',6,'A'),(361,1,'economy',6,'A'),(7,1,'economy',6,'B'),(176,1,'economy',6,'B'),(361,1,'economy',6,'B'),(7,1,'economy',6,'C'),(176,1,'economy',6,'C'),(361,1,'economy',6,'C'),(7,1,'economy',6,'D'),(176,1,'economy',6,'D'),(361,1,'economy',6,'D'),(7,1,'economy',6,'E'),(176,1,'economy',6,'E'),(361,1,'economy',6,'E'),(7,1,'economy',6,'F'),(177,1,'economy',6,'F'),(361,1,'economy',6,'F'),(8,1,'economy',7,'A'),(177,1,'economy',7,'A'),(362,1,'economy',7,'A'),(8,1,'economy',7,'B'),(177,1,'economy',7,'B'),(362,1,'economy',7,'B'),(8,1,'economy',7,'C'),(177,1,'economy',7,'C'),(364,1,'economy',7,'C'),(8,1,'economy',7,'D'),(178,1,'economy',7,'D'),(364,1,'economy',7,'D'),(8,1,'economy',7,'E'),(178,1,'economy',7,'E'),(364,1,'economy',7,'E'),(9,1,'economy',7,'F'),(178,1,'economy',7,'F'),(364,1,'economy',7,'F'),(9,1,'economy',8,'A'),(178,1,'economy',8,'A'),(364,1,'economy',8,'A'),(9,1,'economy',8,'B'),(179,1,'economy',8,'B'),(364,1,'economy',8,'B'),(9,1,'economy',8,'C'),(181,1,'economy',8,'C'),(365,1,'economy',8,'C'),(181,1,'economy',8,'D'),(365,1,'economy',8,'D'),(181,1,'economy',8,'E'),(365,1,'economy',8,'E'),(181,1,'economy',8,'F'),(365,1,'economy',8,'F'),(181,1,'economy',9,'A'),(365,1,'economy',9,'A'),(181,1,'economy',9,'B'),(367,1,'economy',9,'B'),(183,1,'economy',9,'C'),(368,1,'economy',9,'C'),(183,1,'economy',9,'D'),(368,1,'economy',9,'D'),(368,1,'economy',9,'E'),(370,1,'economy',9,'F'),(370,1,'economy',10,'A'),(370,1,'economy',10,'B'),(370,1,'economy',10,'C'),(370,1,'economy',10,'D'),(370,1,'economy',10,'E'),(372,1,'economy',10,'F'),(372,1,'economy',11,'A'),(373,1,'economy',11,'B'),(373,1,'economy',11,'C'),(373,1,'economy',11,'D'),(374,1,'economy',11,'E'),(374,1,'economy',11,'F'),(374,1,'economy',12,'A'),(374,1,'economy',12,'B'),(374,1,'economy',12,'C'),(376,1,'economy',12,'D'),(377,1,'economy',12,'E'),(377,1,'economy',12,'F'),(377,1,'economy',13,'A'),(377,1,'economy',13,'B'),(378,1,'economy',13,'C'),(39,2,'business',1,'A'),(146,2,'business',1,'A'),(213,2,'business',1,'A'),(311,2,'business',1,'A'),(382,2,'business',1,'A'),(39,2,'business',1,'B'),(146,2,'business',1,'B'),(213,2,'business',1,'B'),(311,2,'business',1,'B'),(382,2,'business',1,'B'),(39,2,'business',1,'C'),(146,2,'business',1,'C'),(214,2,'business',1,'C'),(311,2,'business',1,'C'),(383,2,'business',1,'C'),(39,2,'business',1,'D'),(146,2,'business',1,'D'),(214,2,'business',1,'D'),(311,2,'business',1,'D'),(386,2,'business',1,'D'),(46,2,'business',2,'A'),(147,2,'business',2,'A'),(214,2,'business',2,'A'),(312,2,'business',2,'A'),(386,2,'business',2,'A'),(46,2,'business',2,'B'),(148,2,'business',2,'B'),(214,2,'business',2,'B'),(312,2,'business',2,'B'),(387,2,'business',2,'B'),(46,2,'business',2,'C'),(148,2,'business',2,'C'),(214,2,'business',2,'C'),(312,2,'business',2,'C'),(387,2,'business',2,'C'),(148,2,'business',2,'D'),(215,2,'business',2,'D'),(312,2,'business',2,'D'),(387,2,'business',2,'D'),(148,2,'business',3,'A'),(218,2,'business',3,'A'),(312,2,'business',3,'A'),(387,2,'business',3,'A'),(148,2,'business',3,'B'),(218,2,'business',3,'B'),(313,2,'business',3,'B'),(387,2,'business',3,'B'),(149,2,'business',3,'C'),(218,2,'business',3,'C'),(313,2,'business',3,'C'),(388,2,'business',3,'C'),(149,2,'business',3,'D'),(313,2,'business',3,'D'),(388,2,'business',3,'D'),(149,2,'business',4,'A'),(313,2,'business',4,'A'),(388,2,'business',4,'A'),(149,2,'business',4,'B'),(314,2,'business',4,'B'),(388,2,'business',4,'B'),(150,2,'business',4,'C'),(314,2,'business',4,'C'),(389,2,'business',4,'C'),(150,2,'business',4,'D'),(314,2,'business',4,'D'),(389,2,'business',4,'D'),(150,2,'business',5,'A'),(314,2,'business',5,'A'),(389,2,'business',5,'A'),(150,2,'business',5,'B'),(314,2,'business',5,'B'),(389,2,'business',5,'B'),(151,2,'business',5,'C'),(315,2,'business',5,'C'),(391,2,'business',5,'C'),(151,2,'business',5,'D'),(315,2,'business',5,'D'),(391,2,'business',5,'D'),(40,2,'economy',6,'A'),(152,2,'economy',6,'A'),(216,2,'economy',6,'A'),(316,2,'economy',6,'A'),(379,2,'economy',6,'A'),(40,2,'economy',6,'B'),(152,2,'economy',6,'B'),(216,2,'economy',6,'B'),(316,2,'economy',6,'B'),(379,2,'economy',6,'B'),(40,2,'economy',6,'C'),(153,2,'economy',6,'C'),(216,2,'economy',6,'C'),(316,2,'economy',6,'C'),(379,2,'economy',6,'C'),(40,2,'economy',6,'D'),(153,2,'economy',6,'D'),(216,2,'economy',6,'D'),(316,2,'economy',6,'D'),(380,2,'economy',6,'D'),(41,2,'economy',6,'E'),(153,2,'economy',6,'E'),(216,2,'economy',6,'E'),(380,2,'economy',6,'E'),(41,2,'economy',6,'F'),(153,2,'economy',6,'F'),(217,2,'economy',6,'F'),(380,2,'economy',6,'F'),(41,2,'economy',7,'A'),(153,2,'economy',7,'A'),(217,2,'economy',7,'A'),(381,2,'economy',7,'A'),(41,2,'economy',7,'B'),(153,2,'economy',7,'B'),(217,2,'economy',7,'B'),(381,2,'economy',7,'B'),(41,2,'economy',7,'C'),(154,2,'economy',7,'C'),(217,2,'economy',7,'C'),(381,2,'economy',7,'C'),(41,2,'economy',7,'D'),(154,2,'economy',7,'D'),(217,2,'economy',7,'D'),(381,2,'economy',7,'D'),(42,2,'economy',7,'E'),(217,2,'economy',7,'E'),(381,2,'economy',7,'E'),(42,2,'economy',7,'F'),(219,2,'economy',7,'F'),(381,2,'economy',7,'F'),(42,2,'economy',8,'A'),(219,2,'economy',8,'A'),(384,2,'economy',8,'A'),(42,2,'economy',8,'B'),(219,2,'economy',8,'B'),(384,2,'economy',8,'B'),(42,2,'economy',8,'C'),(219,2,'economy',8,'C'),(385,2,'economy',8,'C'),(42,2,'economy',8,'D'),(220,2,'economy',8,'D'),(390,2,'economy',8,'D'),(43,2,'economy',8,'E'),(220,2,'economy',8,'E'),(390,2,'economy',8,'E'),(43,2,'economy',8,'F'),(220,2,'economy',8,'F'),(390,2,'economy',8,'F'),(44,2,'economy',9,'A'),(220,2,'economy',9,'A'),(390,2,'economy',9,'A'),(44,2,'economy',9,'B'),(221,2,'economy',9,'B'),(390,2,'economy',9,'B'),(44,2,'economy',9,'C'),(221,2,'economy',9,'C'),(390,2,'economy',9,'C'),(44,2,'economy',9,'D'),(221,2,'economy',9,'D'),(392,2,'economy',9,'D'),(44,2,'economy',9,'E'),(221,2,'economy',9,'E'),(392,2,'economy',9,'E'),(44,2,'economy',9,'F'),(222,2,'economy',9,'F'),(392,2,'economy',9,'F'),(45,2,'economy',10,'A'),(222,2,'economy',10,'A'),(45,2,'economy',10,'B'),(222,2,'economy',10,'B'),(45,2,'economy',10,'C'),(222,2,'economy',10,'C'),(45,2,'economy',10,'D'),(222,2,'economy',10,'D'),(45,2,'economy',10,'E'),(45,2,'economy',10,'F'),(63,3,'business',1,'A'),(137,3,'business',1,'A'),(242,3,'business',1,'A'),(336,3,'business',1,'A'),(394,3,'business',1,'A'),(63,3,'business',1,'B'),(137,3,'business',1,'B'),(242,3,'business',1,'B'),(336,3,'business',1,'B'),(394,3,'business',1,'B'),(63,3,'business',1,'C'),(139,3,'business',1,'C'),(242,3,'business',1,'C'),(336,3,'business',1,'C'),(394,3,'business',1,'C'),(63,3,'business',1,'D'),(139,3,'business',1,'D'),(242,3,'business',1,'D'),(336,3,'business',1,'D'),(394,3,'business',1,'D'),(65,3,'business',2,'A'),(140,3,'business',2,'A'),(246,3,'business',2,'A'),(336,3,'business',2,'A'),(394,3,'business',2,'A'),(65,3,'business',2,'B'),(140,3,'business',2,'B'),(246,3,'business',2,'B'),(338,3,'business',2,'B'),(394,3,'business',2,'B'),(67,3,'business',2,'C'),(140,3,'business',2,'C'),(246,3,'business',2,'C'),(338,3,'business',2,'C'),(396,3,'business',2,'C'),(67,3,'business',2,'D'),(140,3,'business',2,'D'),(246,3,'business',2,'D'),(338,3,'business',2,'D'),(396,3,'business',2,'D'),(70,3,'business',3,'A'),(141,3,'business',3,'A'),(246,3,'business',3,'A'),(338,3,'business',3,'A'),(396,3,'business',3,'A'),(70,3,'business',3,'B'),(142,3,'business',3,'B'),(249,3,'business',3,'B'),(338,3,'business',3,'B'),(396,3,'business',3,'B'),(70,3,'business',3,'C'),(143,3,'business',3,'C'),(249,3,'business',3,'C'),(338,3,'business',3,'C'),(396,3,'business',3,'C'),(70,3,'business',3,'D'),(143,3,'business',3,'D'),(249,3,'business',3,'D'),(340,3,'business',3,'D'),(396,3,'business',3,'D'),(71,3,'business',4,'A'),(143,3,'business',4,'A'),(249,3,'business',4,'A'),(340,3,'business',4,'A'),(397,3,'business',4,'A'),(71,3,'business',4,'B'),(143,3,'business',4,'B'),(249,3,'business',4,'B'),(340,3,'business',4,'B'),(397,3,'business',4,'B'),(71,3,'business',4,'C'),(249,3,'business',4,'C'),(341,3,'business',4,'C'),(397,3,'business',4,'C'),(71,3,'business',4,'D'),(250,3,'business',4,'D'),(341,3,'business',4,'D'),(397,3,'business',4,'D'),(71,3,'business',5,'A'),(250,3,'business',5,'A'),(341,3,'business',5,'A'),(397,3,'business',5,'A'),(71,3,'business',5,'B'),(341,3,'business',5,'B'),(398,3,'business',5,'B'),(72,3,'business',5,'C'),(344,3,'business',5,'C'),(398,3,'business',5,'C'),(72,3,'business',5,'D'),(344,3,'business',5,'D'),(398,3,'business',5,'D'),(62,3,'economy',6,'A'),(136,3,'economy',6,'A'),(241,3,'economy',6,'A'),(335,3,'economy',6,'A'),(393,3,'economy',6,'A'),(62,3,'economy',6,'B'),(136,3,'economy',6,'B'),(241,3,'economy',6,'B'),(335,3,'economy',6,'B'),(393,3,'economy',6,'B'),(62,3,'economy',6,'C'),(136,3,'economy',6,'C'),(241,3,'economy',6,'C'),(335,3,'economy',6,'C'),(393,3,'economy',6,'C'),(64,3,'economy',6,'D'),(138,3,'economy',6,'D'),(241,3,'economy',6,'D'),(335,3,'economy',6,'D'),(393,3,'economy',6,'D'),(64,3,'economy',6,'E'),(138,3,'economy',6,'E'),(241,3,'economy',6,'E'),(337,3,'economy',6,'E'),(393,3,'economy',6,'E'),(64,3,'economy',6,'F'),(138,3,'economy',6,'F'),(241,3,'economy',6,'F'),(337,3,'economy',6,'F'),(393,3,'economy',6,'F'),(66,3,'economy',7,'A'),(144,3,'economy',7,'A'),(243,3,'economy',7,'A'),(337,3,'economy',7,'A'),(395,3,'economy',7,'A'),(68,3,'economy',7,'B'),(145,3,'economy',7,'B'),(243,3,'economy',7,'B'),(337,3,'economy',7,'B'),(395,3,'economy',7,'B'),(68,3,'economy',7,'C'),(145,3,'economy',7,'C'),(243,3,'economy',7,'C'),(337,3,'economy',7,'C'),(395,3,'economy',7,'C'),(68,3,'economy',7,'D'),(243,3,'economy',7,'D'),(339,3,'economy',7,'D'),(395,3,'economy',7,'D'),(68,3,'economy',7,'E'),(243,3,'economy',7,'E'),(339,3,'economy',7,'E'),(399,3,'economy',7,'E'),(68,3,'economy',7,'F'),(243,3,'economy',7,'F'),(339,3,'economy',7,'F'),(399,3,'economy',7,'F'),(69,3,'economy',8,'A'),(244,3,'economy',8,'A'),(342,3,'economy',8,'A'),(400,3,'economy',8,'A'),(69,3,'economy',8,'B'),(244,3,'economy',8,'B'),(342,3,'economy',8,'B'),(400,3,'economy',8,'B'),(69,3,'economy',8,'C'),(244,3,'economy',8,'C'),(342,3,'economy',8,'C'),(400,3,'economy',8,'C'),(69,3,'economy',8,'D'),(245,3,'economy',8,'D'),(342,3,'economy',8,'D'),(400,3,'economy',8,'D'),(69,3,'economy',8,'E'),(245,3,'economy',8,'E'),(342,3,'economy',8,'E'),(69,3,'economy',8,'F'),(247,3,'economy',8,'F'),(343,3,'economy',8,'F'),(73,3,'economy',9,'A'),(247,3,'economy',9,'A'),(345,3,'economy',9,'A'),(73,3,'economy',9,'B'),(247,3,'economy',9,'B'),(73,3,'economy',9,'C'),(248,3,'economy',9,'C'),(73,3,'economy',9,'D'),(248,3,'economy',9,'D'),(73,3,'economy',9,'E'),(248,3,'economy',9,'E'),(74,3,'economy',9,'F'),(251,3,'economy',9,'F'),(74,3,'economy',10,'A'),(74,3,'economy',10,'B'),(74,3,'economy',10,'C'),(74,3,'economy',10,'D'),(75,3,'economy',10,'E'),(75,3,'economy',10,'F'),(76,3,'economy',11,'A'),(76,3,'economy',11,'B'),(87,4,'business',1,'A'),(263,4,'business',1,'A'),(346,4,'business',1,'A'),(401,4,'business',1,'A'),(88,4,'business',1,'B'),(263,4,'business',1,'B'),(348,4,'business',1,'B'),(401,4,'business',1,'B'),(88,4,'business',1,'C'),(263,4,'business',1,'C'),(348,4,'business',1,'C'),(401,4,'business',1,'C'),(88,4,'business',1,'D'),(266,4,'business',1,'D'),(350,4,'business',1,'D'),(401,4,'business',1,'D'),(90,4,'business',2,'A'),(266,4,'business',2,'A'),(350,4,'business',2,'A'),(401,4,'business',2,'A'),(90,4,'business',2,'B'),(267,4,'business',2,'B'),(350,4,'business',2,'B'),(402,4,'business',2,'B'),(91,4,'business',2,'C'),(267,4,'business',2,'C'),(350,4,'business',2,'C'),(402,4,'business',2,'C'),(91,4,'business',2,'D'),(267,4,'business',2,'D'),(350,4,'business',2,'D'),(402,4,'business',2,'D'),(93,4,'business',3,'A'),(267,4,'business',3,'A'),(354,4,'business',3,'A'),(402,4,'business',3,'A'),(97,4,'business',3,'B'),(267,4,'business',3,'B'),(355,4,'business',3,'B'),(402,4,'business',3,'B'),(98,4,'business',3,'C'),(267,4,'business',3,'C'),(355,4,'business',3,'C'),(405,4,'business',3,'C'),(98,4,'business',3,'D'),(269,4,'business',3,'D'),(355,4,'business',3,'D'),(405,4,'business',3,'D'),(98,4,'business',4,'A'),(269,4,'business',4,'A'),(355,4,'business',4,'A'),(405,4,'business',4,'A'),(98,4,'business',4,'B'),(269,4,'business',4,'B'),(357,4,'business',4,'B'),(406,4,'business',4,'B'),(269,4,'business',4,'C'),(357,4,'business',4,'C'),(406,4,'business',4,'C'),(269,4,'business',4,'D'),(357,4,'business',4,'D'),(406,4,'business',4,'D'),(269,4,'business',5,'A'),(357,4,'business',5,'A'),(406,4,'business',5,'A'),(270,4,'business',5,'B'),(357,4,'business',5,'B'),(406,4,'business',5,'B'),(270,4,'business',5,'C'),(357,4,'business',5,'C'),(406,4,'business',5,'C'),(270,4,'business',5,'D'),(407,4,'business',5,'D'),(86,4,'economy',6,'A'),(264,4,'economy',6,'A'),(347,4,'economy',6,'A'),(403,4,'economy',6,'A'),(86,4,'economy',6,'B'),(264,4,'economy',6,'B'),(347,4,'economy',6,'B'),(403,4,'economy',6,'B'),(89,4,'economy',6,'C'),(264,4,'economy',6,'C'),(347,4,'economy',6,'C'),(403,4,'economy',6,'C'),(89,4,'economy',6,'D'),(264,4,'economy',6,'D'),(349,4,'economy',6,'D'),(403,4,'economy',6,'D'),(89,4,'economy',6,'E'),(264,4,'economy',6,'E'),(349,4,'economy',6,'E'),(404,4,'economy',6,'E'),(89,4,'economy',6,'F'),(264,4,'economy',6,'F'),(351,4,'economy',6,'F'),(408,4,'economy',6,'F'),(89,4,'economy',7,'A'),(265,4,'economy',7,'A'),(351,4,'economy',7,'A'),(409,4,'economy',7,'A'),(92,4,'economy',7,'B'),(268,4,'economy',7,'B'),(352,4,'economy',7,'B'),(409,4,'economy',7,'B'),(92,4,'economy',7,'C'),(268,4,'economy',7,'C'),(352,4,'economy',7,'C'),(410,4,'economy',7,'C'),(94,4,'economy',7,'D'),(268,4,'economy',7,'D'),(352,4,'economy',7,'D'),(410,4,'economy',7,'D'),(94,4,'economy',7,'E'),(271,4,'economy',7,'E'),(353,4,'economy',7,'E'),(411,4,'economy',7,'E'),(94,4,'economy',7,'F'),(353,4,'economy',7,'F'),(411,4,'economy',7,'F'),(94,4,'economy',8,'A'),(353,4,'economy',8,'A'),(412,4,'economy',8,'A'),(95,4,'economy',8,'B'),(353,4,'economy',8,'B'),(95,4,'economy',8,'C'),(353,4,'economy',8,'C'),(95,4,'economy',8,'D'),(356,4,'economy',8,'D'),(95,4,'economy',8,'E'),(358,4,'economy',8,'E'),(96,4,'economy',8,'F'),(359,4,'economy',8,'F'),(96,4,'economy',9,'A'),(359,4,'economy',9,'A'),(96,4,'economy',9,'B'),(359,4,'economy',9,'B'),(96,4,'economy',9,'C'),(96,4,'economy',9,'D'),(96,4,'economy',9,'E'),(99,5,'business',1,'A'),(273,5,'business',1,'A'),(415,5,'business',1,'A'),(99,5,'business',1,'B'),(274,5,'business',1,'B'),(415,5,'business',1,'B'),(102,5,'business',1,'C'),(274,5,'business',1,'C'),(415,5,'business',1,'C'),(102,5,'business',1,'D'),(274,5,'business',1,'D'),(418,5,'business',1,'D'),(102,5,'business',2,'A'),(274,5,'business',2,'A'),(418,5,'business',2,'A'),(102,5,'business',2,'B'),(275,5,'business',2,'B'),(418,5,'business',2,'B'),(102,5,'business',2,'C'),(275,5,'business',2,'C'),(418,5,'business',2,'C'),(102,5,'business',2,'D'),(279,5,'business',2,'D'),(418,5,'business',2,'D'),(103,5,'business',3,'A'),(279,5,'business',3,'A'),(421,5,'business',3,'A'),(103,5,'business',3,'B'),(279,5,'business',3,'B'),(421,5,'business',3,'B'),(103,5,'business',3,'C'),(423,5,'business',3,'C'),(105,5,'business',3,'D'),(423,5,'business',3,'D'),(105,5,'business',4,'A'),(423,5,'business',4,'A'),(105,5,'business',4,'B'),(424,5,'business',4,'B'),(105,5,'business',4,'C'),(424,5,'business',4,'C'),(105,5,'business',4,'D'),(424,5,'business',4,'D'),(106,5,'business',5,'A'),(424,5,'business',5,'A'),(106,5,'business',5,'B'),(426,5,'business',5,'B'),(106,5,'business',5,'C'),(426,5,'business',5,'C'),(106,5,'business',5,'D'),(426,5,'business',5,'D'),(100,5,'economy',6,'A'),(272,5,'economy',6,'A'),(413,5,'economy',6,'A'),(100,5,'economy',6,'B'),(276,5,'economy',6,'B'),(413,5,'economy',6,'B'),(100,5,'economy',6,'C'),(277,5,'economy',6,'C'),(413,5,'economy',6,'C'),(100,5,'economy',6,'D'),(277,5,'economy',6,'D'),(413,5,'economy',6,'D'),(101,5,'economy',6,'E'),(277,5,'economy',6,'E'),(414,5,'economy',6,'E'),(101,5,'economy',6,'F'),(278,5,'economy',6,'F'),(414,5,'economy',6,'F'),(101,5,'economy',7,'A'),(414,5,'economy',7,'A'),(101,5,'economy',7,'B'),(414,5,'economy',7,'B'),(101,5,'economy',7,'C'),(416,5,'economy',7,'C'),(104,5,'economy',7,'D'),(416,5,'economy',7,'D'),(104,5,'economy',7,'E'),(416,5,'economy',7,'E'),(107,5,'economy',7,'F'),(416,5,'economy',7,'F'),(107,5,'economy',8,'A'),(416,5,'economy',8,'A'),(107,5,'economy',8,'B'),(417,5,'economy',8,'B'),(107,5,'economy',8,'C'),(417,5,'economy',8,'C'),(107,5,'economy',8,'D'),(417,5,'economy',8,'D'),(107,5,'economy',8,'E'),(417,5,'economy',8,'E'),(108,5,'economy',8,'F'),(419,5,'economy',8,'F'),(108,5,'economy',9,'A'),(420,5,'economy',9,'A'),(108,5,'economy',9,'B'),(420,5,'economy',9,'B'),(109,5,'economy',9,'C'),(420,5,'economy',9,'C'),(109,5,'economy',9,'D'),(420,5,'economy',9,'D'),(109,5,'economy',9,'E'),(420,5,'economy',9,'E'),(109,5,'economy',9,'F'),(420,5,'economy',9,'F'),(109,5,'economy',10,'A'),(422,5,'economy',10,'A'),(422,5,'economy',10,'B'),(422,5,'economy',10,'C'),(425,5,'economy',10,'D'),(10,6,'economy',1,'A'),(120,6,'economy',1,'A'),(184,6,'economy',1,'A'),(317,6,'economy',1,'A'),(436,6,'economy',1,'A'),(10,6,'economy',1,'B'),(121,6,'economy',1,'B'),(184,6,'economy',1,'B'),(318,6,'economy',1,'B'),(436,6,'economy',1,'B'),(10,6,'economy',1,'C'),(121,6,'economy',1,'C'),(184,6,'economy',1,'C'),(318,6,'economy',1,'C'),(436,6,'economy',1,'C'),(10,6,'economy',1,'D'),(122,6,'economy',1,'D'),(185,6,'economy',1,'D'),(318,6,'economy',1,'D'),(436,6,'economy',1,'D'),(11,6,'economy',2,'A'),(122,6,'economy',2,'A'),(186,6,'economy',2,'A'),(318,6,'economy',2,'A'),(436,6,'economy',2,'A'),(11,6,'economy',2,'B'),(122,6,'economy',2,'B'),(186,6,'economy',2,'B'),(318,6,'economy',2,'B'),(436,6,'economy',2,'B'),(11,6,'economy',2,'C'),(122,6,'economy',2,'C'),(186,6,'economy',2,'C'),(318,6,'economy',2,'C'),(437,6,'economy',2,'C'),(11,6,'economy',2,'D'),(122,6,'economy',2,'D'),(187,6,'economy',2,'D'),(319,6,'economy',2,'D'),(437,6,'economy',2,'D'),(11,6,'economy',3,'A'),(122,6,'economy',3,'A'),(187,6,'economy',3,'A'),(319,6,'economy',3,'A'),(437,6,'economy',3,'A'),(12,6,'economy',3,'B'),(123,6,'economy',3,'B'),(187,6,'economy',3,'B'),(319,6,'economy',3,'B'),(437,6,'economy',3,'B'),(12,6,'economy',3,'C'),(123,6,'economy',3,'C'),(187,6,'economy',3,'C'),(319,6,'economy',3,'C'),(437,6,'economy',3,'C'),(12,6,'economy',3,'D'),(124,6,'economy',3,'D'),(188,6,'economy',3,'D'),(319,6,'economy',3,'D'),(438,6,'economy',3,'D'),(12,6,'economy',4,'A'),(124,6,'economy',4,'A'),(188,6,'economy',4,'A'),(320,6,'economy',4,'A'),(438,6,'economy',4,'A'),(13,6,'economy',4,'B'),(124,6,'economy',4,'B'),(188,6,'economy',4,'B'),(320,6,'economy',4,'B'),(438,6,'economy',4,'B'),(13,6,'economy',4,'C'),(124,6,'economy',4,'C'),(189,6,'economy',4,'C'),(321,6,'economy',4,'C'),(439,6,'economy',4,'C'),(13,6,'economy',4,'D'),(124,6,'economy',4,'D'),(189,6,'economy',4,'D'),(322,6,'economy',4,'D'),(439,6,'economy',4,'D'),(13,6,'economy',5,'A'),(124,6,'economy',5,'A'),(189,6,'economy',5,'A'),(323,6,'economy',5,'A'),(439,6,'economy',5,'A'),(13,6,'economy',5,'B'),(125,6,'economy',5,'B'),(190,6,'economy',5,'B'),(324,6,'economy',5,'B'),(439,6,'economy',5,'B'),(13,6,'economy',5,'C'),(125,6,'economy',5,'C'),(190,6,'economy',5,'C'),(324,6,'economy',5,'C'),(440,6,'economy',5,'C'),(14,6,'economy',5,'D'),(126,6,'economy',5,'D'),(191,6,'economy',5,'D'),(325,6,'economy',5,'D'),(441,6,'economy',5,'D'),(14,6,'economy',6,'A'),(126,6,'economy',6,'A'),(191,6,'economy',6,'A'),(325,6,'economy',6,'A'),(441,6,'economy',6,'A'),(14,6,'economy',6,'B'),(126,6,'economy',6,'B'),(191,6,'economy',6,'B'),(325,6,'economy',6,'B'),(441,6,'economy',6,'B'),(14,6,'economy',6,'C'),(127,6,'economy',6,'C'),(191,6,'economy',6,'C'),(325,6,'economy',6,'C'),(441,6,'economy',6,'C'),(14,6,'economy',6,'D'),(127,6,'economy',6,'D'),(192,6,'economy',6,'D'),(325,6,'economy',6,'D'),(441,6,'economy',6,'D'),(14,6,'economy',7,'A'),(127,6,'economy',7,'A'),(193,6,'economy',7,'A'),(325,6,'economy',7,'A'),(441,6,'economy',7,'A'),(15,6,'economy',7,'B'),(127,6,'economy',7,'B'),(193,6,'economy',7,'B'),(326,6,'economy',7,'B'),(442,6,'economy',7,'B'),(15,6,'economy',7,'C'),(127,6,'economy',7,'C'),(193,6,'economy',7,'C'),(326,6,'economy',7,'C'),(442,6,'economy',7,'C'),(15,6,'economy',7,'D'),(127,6,'economy',7,'D'),(194,6,'economy',7,'D'),(327,6,'economy',7,'D'),(442,6,'economy',7,'D'),(15,6,'economy',8,'A'),(128,6,'economy',8,'A'),(194,6,'economy',8,'A'),(327,6,'economy',8,'A'),(442,6,'economy',8,'A'),(15,6,'economy',8,'B'),(128,6,'economy',8,'B'),(195,6,'economy',8,'B'),(327,6,'economy',8,'B'),(442,6,'economy',8,'B'),(16,6,'economy',8,'C'),(128,6,'economy',8,'C'),(195,6,'economy',8,'C'),(327,6,'economy',8,'C'),(442,6,'economy',8,'C'),(16,6,'economy',8,'D'),(128,6,'economy',8,'D'),(195,6,'economy',8,'D'),(328,6,'economy',8,'D'),(443,6,'economy',8,'D'),(16,6,'economy',9,'A'),(128,6,'economy',9,'A'),(195,6,'economy',9,'A'),(328,6,'economy',9,'A'),(443,6,'economy',9,'A'),(16,6,'economy',9,'B'),(128,6,'economy',9,'B'),(195,6,'economy',9,'B'),(328,6,'economy',9,'B'),(443,6,'economy',9,'B'),(17,6,'economy',9,'C'),(129,6,'economy',9,'C'),(328,6,'economy',9,'C'),(443,6,'economy',9,'C'),(17,6,'economy',9,'D'),(129,6,'economy',9,'D'),(329,6,'economy',9,'D'),(443,6,'economy',9,'D'),(18,6,'economy',10,'A'),(129,6,'economy',10,'A'),(329,6,'economy',10,'A'),(444,6,'economy',10,'A'),(18,6,'economy',10,'B'),(129,6,'economy',10,'B'),(329,6,'economy',10,'B'),(444,6,'economy',10,'B'),(18,6,'economy',10,'C'),(129,6,'economy',10,'C'),(329,6,'economy',10,'C'),(444,6,'economy',10,'C'),(18,6,'economy',10,'D'),(129,6,'economy',10,'D'),(330,6,'economy',10,'D'),(444,6,'economy',10,'D'),(18,6,'economy',11,'A'),(130,6,'economy',11,'A'),(331,6,'economy',11,'A'),(444,6,'economy',11,'A'),(19,6,'economy',11,'B'),(130,6,'economy',11,'B'),(331,6,'economy',11,'B'),(444,6,'economy',11,'B'),(19,6,'economy',11,'C'),(130,6,'economy',11,'C'),(331,6,'economy',11,'C'),(445,6,'economy',11,'C'),(19,6,'economy',11,'D'),(131,6,'economy',11,'D'),(332,6,'economy',11,'D'),(445,6,'economy',11,'D'),(19,6,'economy',12,'A'),(131,6,'economy',12,'A'),(332,6,'economy',12,'A'),(445,6,'economy',12,'A'),(19,6,'economy',12,'B'),(131,6,'economy',12,'B'),(332,6,'economy',12,'B'),(445,6,'economy',12,'B'),(19,6,'economy',12,'C'),(132,6,'economy',12,'C'),(332,6,'economy',12,'C'),(445,6,'economy',12,'C'),(20,6,'economy',12,'D'),(132,6,'economy',12,'D'),(332,6,'economy',12,'D'),(446,6,'economy',12,'D'),(20,6,'economy',13,'A'),(132,6,'economy',13,'A'),(332,6,'economy',13,'A'),(447,6,'economy',13,'A'),(20,6,'economy',13,'B'),(132,6,'economy',13,'B'),(333,6,'economy',13,'B'),(447,6,'economy',13,'B'),(20,6,'economy',13,'C'),(132,6,'economy',13,'C'),(334,6,'economy',13,'C'),(20,6,'economy',13,'D'),(133,6,'economy',13,'D'),(334,6,'economy',13,'D'),(21,6,'economy',14,'A'),(133,6,'economy',14,'A'),(334,6,'economy',14,'A'),(21,6,'economy',14,'B'),(133,6,'economy',14,'B'),(334,6,'economy',14,'B'),(21,6,'economy',14,'C'),(133,6,'economy',14,'C'),(334,6,'economy',14,'C'),(22,6,'economy',14,'D'),(134,6,'economy',14,'D'),(334,6,'economy',14,'D'),(22,6,'economy',15,'A'),(135,6,'economy',15,'A'),(23,6,'economy',15,'B'),(135,6,'economy',15,'B'),(135,6,'economy',15,'C'),(135,6,'economy',15,'D'),(24,7,'economy',1,'A'),(168,7,'economy',1,'A'),(196,7,'economy',1,'A'),(448,7,'economy',1,'A'),(24,7,'economy',1,'B'),(168,7,'economy',1,'B'),(196,7,'economy',1,'B'),(448,7,'economy',1,'B'),(24,7,'economy',1,'C'),(168,7,'economy',1,'C'),(196,7,'economy',1,'C'),(448,7,'economy',1,'C'),(24,7,'economy',1,'D'),(168,7,'economy',1,'D'),(196,7,'economy',1,'D'),(448,7,'economy',1,'D'),(25,7,'economy',2,'A'),(168,7,'economy',2,'A'),(197,7,'economy',2,'A'),(449,7,'economy',2,'A'),(25,7,'economy',2,'B'),(168,7,'economy',2,'B'),(197,7,'economy',2,'B'),(449,7,'economy',2,'B'),(25,7,'economy',2,'C'),(169,7,'economy',2,'C'),(197,7,'economy',2,'C'),(449,7,'economy',2,'C'),(25,7,'economy',2,'D'),(169,7,'economy',2,'D'),(198,7,'economy',2,'D'),(450,7,'economy',2,'D'),(25,7,'economy',3,'A'),(169,7,'economy',3,'A'),(198,7,'economy',3,'A'),(450,7,'economy',3,'A'),(25,7,'economy',3,'B'),(169,7,'economy',3,'B'),(199,7,'economy',3,'B'),(450,7,'economy',3,'B'),(26,7,'economy',3,'C'),(169,7,'economy',3,'C'),(199,7,'economy',3,'C'),(450,7,'economy',3,'C'),(27,7,'economy',3,'D'),(169,7,'economy',3,'D'),(199,7,'economy',3,'D'),(450,7,'economy',3,'D'),(27,7,'economy',4,'A'),(170,7,'economy',4,'A'),(199,7,'economy',4,'A'),(451,7,'economy',4,'A'),(27,7,'economy',4,'B'),(170,7,'economy',4,'B'),(200,7,'economy',4,'B'),(451,7,'economy',4,'B'),(27,7,'economy',4,'C'),(170,7,'economy',4,'C'),(200,7,'economy',4,'C'),(451,7,'economy',4,'C'),(27,7,'economy',4,'D'),(171,7,'economy',4,'D'),(200,7,'economy',4,'D'),(452,7,'economy',4,'D'),(27,7,'economy',5,'A'),(172,7,'economy',5,'A'),(201,7,'economy',5,'A'),(452,7,'economy',5,'A'),(28,7,'economy',5,'B'),(172,7,'economy',5,'B'),(201,7,'economy',5,'B'),(452,7,'economy',5,'B'),(29,7,'economy',5,'C'),(172,7,'economy',5,'C'),(201,7,'economy',5,'C'),(452,7,'economy',5,'C'),(30,7,'economy',5,'D'),(172,7,'economy',5,'D'),(201,7,'economy',5,'D'),(452,7,'economy',5,'D'),(30,7,'economy',6,'A'),(172,7,'economy',6,'A'),(201,7,'economy',6,'A'),(452,7,'economy',6,'A'),(30,7,'economy',6,'B'),(172,7,'economy',6,'B'),(202,7,'economy',6,'B'),(453,7,'economy',6,'B'),(30,7,'economy',6,'C'),(173,7,'economy',6,'C'),(202,7,'economy',6,'C'),(453,7,'economy',6,'C'),(30,7,'economy',6,'D'),(173,7,'economy',6,'D'),(203,7,'economy',6,'D'),(453,7,'economy',6,'D'),(31,7,'economy',7,'A'),(173,7,'economy',7,'A'),(203,7,'economy',7,'A'),(453,7,'economy',7,'A'),(31,7,'economy',7,'B'),(174,7,'economy',7,'B'),(203,7,'economy',7,'B'),(453,7,'economy',7,'B'),(31,7,'economy',7,'C'),(174,7,'economy',7,'C'),(203,7,'economy',7,'C'),(453,7,'economy',7,'C'),(31,7,'economy',7,'D'),(175,7,'economy',7,'D'),(203,7,'economy',7,'D'),(454,7,'economy',7,'D'),(32,7,'economy',8,'A'),(175,7,'economy',8,'A'),(204,7,'economy',8,'A'),(454,7,'economy',8,'A'),(32,7,'economy',8,'B'),(175,7,'economy',8,'B'),(204,7,'economy',8,'B'),(454,7,'economy',8,'B'),(32,7,'economy',8,'C'),(175,7,'economy',8,'C'),(204,7,'economy',8,'C'),(455,7,'economy',8,'C'),(32,7,'economy',8,'D'),(175,7,'economy',8,'D'),(204,7,'economy',8,'D'),(455,7,'economy',8,'D'),(33,7,'economy',9,'A'),(205,7,'economy',9,'A'),(455,7,'economy',9,'A'),(34,7,'economy',9,'B'),(205,7,'economy',9,'B'),(455,7,'economy',9,'B'),(34,7,'economy',9,'C'),(205,7,'economy',9,'C'),(455,7,'economy',9,'C'),(34,7,'economy',9,'D'),(205,7,'economy',9,'D'),(456,7,'economy',9,'D'),(34,7,'economy',10,'A'),(205,7,'economy',10,'A'),(456,7,'economy',10,'A'),(34,7,'economy',10,'B'),(205,7,'economy',10,'B'),(456,7,'economy',10,'B'),(34,7,'economy',10,'C'),(206,7,'economy',10,'C'),(457,7,'economy',10,'C'),(35,7,'economy',10,'D'),(206,7,'economy',10,'D'),(457,7,'economy',10,'D'),(35,7,'economy',11,'A'),(206,7,'economy',11,'A'),(457,7,'economy',11,'A'),(35,7,'economy',11,'B'),(206,7,'economy',11,'B'),(457,7,'economy',11,'B'),(35,7,'economy',11,'C'),(206,7,'economy',11,'C'),(457,7,'economy',11,'C'),(36,7,'economy',11,'D'),(207,7,'economy',11,'D'),(457,7,'economy',11,'D'),(36,7,'economy',12,'A'),(208,7,'economy',12,'A'),(458,7,'economy',12,'A'),(36,7,'economy',12,'B'),(209,7,'economy',12,'B'),(458,7,'economy',12,'B'),(36,7,'economy',12,'C'),(209,7,'economy',12,'C'),(459,7,'economy',12,'C'),(36,7,'economy',12,'D'),(209,7,'economy',12,'D'),(459,7,'economy',12,'D'),(36,7,'economy',13,'A'),(209,7,'economy',13,'A'),(459,7,'economy',13,'A'),(37,7,'economy',13,'B'),(209,7,'economy',13,'B'),(460,7,'economy',13,'B'),(37,7,'economy',13,'C'),(210,7,'economy',13,'C'),(461,7,'economy',13,'C'),(37,7,'economy',13,'D'),(210,7,'economy',13,'D'),(461,7,'economy',13,'D'),(37,7,'economy',14,'A'),(210,7,'economy',14,'A'),(461,7,'economy',14,'A'),(38,7,'economy',14,'B'),(211,7,'economy',14,'B'),(461,7,'economy',14,'B'),(38,7,'economy',14,'C'),(211,7,'economy',14,'C'),(461,7,'economy',14,'C'),(38,7,'economy',14,'D'),(211,7,'economy',14,'D'),(461,7,'economy',14,'D'),(38,7,'economy',15,'A'),(211,7,'economy',15,'A'),(462,7,'economy',15,'A'),(38,7,'economy',15,'B'),(212,7,'economy',15,'B'),(462,7,'economy',15,'B'),(212,7,'economy',15,'C'),(462,7,'economy',15,'C'),(212,7,'economy',15,'D'),(462,7,'economy',15,'D'),(47,8,'economy',1,'A'),(155,8,'economy',1,'A'),(223,8,'economy',1,'A'),(294,8,'economy',1,'A'),(463,8,'economy',1,'A'),(48,8,'economy',1,'B'),(155,8,'economy',1,'B'),(223,8,'economy',1,'B'),(294,8,'economy',1,'B'),(463,8,'economy',1,'B'),(48,8,'economy',1,'C'),(155,8,'economy',1,'C'),(223,8,'economy',1,'C'),(294,8,'economy',1,'C'),(463,8,'economy',1,'C'),(48,8,'economy',1,'D'),(155,8,'economy',1,'D'),(223,8,'economy',1,'D'),(294,8,'economy',1,'D'),(463,8,'economy',1,'D'),(48,8,'economy',2,'A'),(155,8,'economy',2,'A'),(223,8,'economy',2,'A'),(294,8,'economy',2,'A'),(464,8,'economy',2,'A'),(49,8,'economy',2,'B'),(155,8,'economy',2,'B'),(223,8,'economy',2,'B'),(294,8,'economy',2,'B'),(464,8,'economy',2,'B'),(49,8,'economy',2,'C'),(156,8,'economy',2,'C'),(224,8,'economy',2,'C'),(295,8,'economy',2,'C'),(464,8,'economy',2,'C'),(49,8,'economy',2,'D'),(156,8,'economy',2,'D'),(224,8,'economy',2,'D'),(295,8,'economy',2,'D'),(464,8,'economy',2,'D'),(50,8,'economy',3,'A'),(156,8,'economy',3,'A'),(225,8,'economy',3,'A'),(295,8,'economy',3,'A'),(465,8,'economy',3,'A'),(50,8,'economy',3,'B'),(156,8,'economy',3,'B'),(225,8,'economy',3,'B'),(295,8,'economy',3,'B'),(466,8,'economy',3,'B'),(50,8,'economy',3,'C'),(156,8,'economy',3,'C'),(225,8,'economy',3,'C'),(295,8,'economy',3,'C'),(466,8,'economy',3,'C'),(50,8,'economy',3,'D'),(156,8,'economy',3,'D'),(225,8,'economy',3,'D'),(296,8,'economy',3,'D'),(466,8,'economy',3,'D'),(50,8,'economy',4,'A'),(157,8,'economy',4,'A'),(226,8,'economy',4,'A'),(296,8,'economy',4,'A'),(466,8,'economy',4,'A'),(51,8,'economy',4,'B'),(157,8,'economy',4,'B'),(226,8,'economy',4,'B'),(297,8,'economy',4,'B'),(467,8,'economy',4,'B'),(52,8,'economy',4,'C'),(157,8,'economy',4,'C'),(226,8,'economy',4,'C'),(297,8,'economy',4,'C'),(467,8,'economy',4,'C'),(52,8,'economy',4,'D'),(158,8,'economy',4,'D'),(227,8,'economy',4,'D'),(297,8,'economy',4,'D'),(467,8,'economy',4,'D'),(52,8,'economy',5,'A'),(158,8,'economy',5,'A'),(227,8,'economy',5,'A'),(297,8,'economy',5,'A'),(468,8,'economy',5,'A'),(52,8,'economy',5,'B'),(158,8,'economy',5,'B'),(227,8,'economy',5,'B'),(298,8,'economy',5,'B'),(469,8,'economy',5,'B'),(53,8,'economy',5,'C'),(158,8,'economy',5,'C'),(228,8,'economy',5,'C'),(298,8,'economy',5,'C'),(469,8,'economy',5,'C'),(53,8,'economy',5,'D'),(159,8,'economy',5,'D'),(228,8,'economy',5,'D'),(299,8,'economy',5,'D'),(470,8,'economy',5,'D'),(53,8,'economy',6,'A'),(159,8,'economy',6,'A'),(228,8,'economy',6,'A'),(300,8,'economy',6,'A'),(470,8,'economy',6,'A'),(54,8,'economy',6,'B'),(159,8,'economy',6,'B'),(228,8,'economy',6,'B'),(300,8,'economy',6,'B'),(470,8,'economy',6,'B'),(54,8,'economy',6,'C'),(159,8,'economy',6,'C'),(228,8,'economy',6,'C'),(300,8,'economy',6,'C'),(470,8,'economy',6,'C'),(54,8,'economy',6,'D'),(159,8,'economy',6,'D'),(228,8,'economy',6,'D'),(301,8,'economy',6,'D'),(470,8,'economy',6,'D'),(54,8,'economy',7,'A'),(160,8,'economy',7,'A'),(229,8,'economy',7,'A'),(301,8,'economy',7,'A'),(470,8,'economy',7,'A'),(54,8,'economy',7,'B'),(160,8,'economy',7,'B'),(229,8,'economy',7,'B'),(301,8,'economy',7,'B'),(471,8,'economy',7,'B'),(55,8,'economy',7,'C'),(160,8,'economy',7,'C'),(230,8,'economy',7,'C'),(301,8,'economy',7,'C'),(471,8,'economy',7,'C'),(55,8,'economy',7,'D'),(160,8,'economy',7,'D'),(230,8,'economy',7,'D'),(301,8,'economy',7,'D'),(472,8,'economy',7,'D'),(55,8,'economy',8,'A'),(161,8,'economy',8,'A'),(230,8,'economy',8,'A'),(302,8,'economy',8,'A'),(472,8,'economy',8,'A'),(55,8,'economy',8,'B'),(161,8,'economy',8,'B'),(230,8,'economy',8,'B'),(302,8,'economy',8,'B'),(472,8,'economy',8,'B'),(55,8,'economy',8,'C'),(161,8,'economy',8,'C'),(230,8,'economy',8,'C'),(302,8,'economy',8,'C'),(472,8,'economy',8,'C'),(55,8,'economy',8,'D'),(161,8,'economy',8,'D'),(231,8,'economy',8,'D'),(303,8,'economy',8,'D'),(473,8,'economy',8,'D'),(56,8,'economy',9,'A'),(161,8,'economy',9,'A'),(231,8,'economy',9,'A'),(303,8,'economy',9,'A'),(473,8,'economy',9,'A'),(56,8,'economy',9,'B'),(162,8,'economy',9,'B'),(232,8,'economy',9,'B'),(303,8,'economy',9,'B'),(473,8,'economy',9,'B'),(56,8,'economy',9,'C'),(162,8,'economy',9,'C'),(232,8,'economy',9,'C'),(303,8,'economy',9,'C'),(473,8,'economy',9,'C'),(56,8,'economy',9,'D'),(162,8,'economy',9,'D'),(233,8,'economy',9,'D'),(303,8,'economy',9,'D'),(474,8,'economy',9,'D'),(57,8,'economy',10,'A'),(162,8,'economy',10,'A'),(234,8,'economy',10,'A'),(303,8,'economy',10,'A'),(474,8,'economy',10,'A'),(57,8,'economy',10,'B'),(163,8,'economy',10,'B'),(234,8,'economy',10,'B'),(304,8,'economy',10,'B'),(475,8,'economy',10,'B'),(57,8,'economy',10,'C'),(163,8,'economy',10,'C'),(234,8,'economy',10,'C'),(304,8,'economy',10,'C'),(475,8,'economy',10,'C'),(57,8,'economy',10,'D'),(163,8,'economy',10,'D'),(234,8,'economy',10,'D'),(304,8,'economy',10,'D'),(475,8,'economy',10,'D'),(57,8,'economy',11,'A'),(163,8,'economy',11,'A'),(234,8,'economy',11,'A'),(305,8,'economy',11,'A'),(476,8,'economy',11,'A'),(58,8,'economy',11,'B'),(163,8,'economy',11,'B'),(235,8,'economy',11,'B'),(305,8,'economy',11,'B'),(477,8,'economy',11,'B'),(58,8,'economy',11,'C'),(164,8,'economy',11,'C'),(235,8,'economy',11,'C'),(305,8,'economy',11,'C'),(477,8,'economy',11,'C'),(58,8,'economy',11,'D'),(165,8,'economy',11,'D'),(235,8,'economy',11,'D'),(306,8,'economy',11,'D'),(477,8,'economy',11,'D'),(58,8,'economy',12,'A'),(166,8,'economy',12,'A'),(235,8,'economy',12,'A'),(306,8,'economy',12,'A'),(477,8,'economy',12,'A'),(58,8,'economy',12,'B'),(166,8,'economy',12,'B'),(235,8,'economy',12,'B'),(306,8,'economy',12,'B'),(478,8,'economy',12,'B'),(58,8,'economy',12,'C'),(166,8,'economy',12,'C'),(236,8,'economy',12,'C'),(306,8,'economy',12,'C'),(478,8,'economy',12,'C'),(59,8,'economy',12,'D'),(166,8,'economy',12,'D'),(236,8,'economy',12,'D'),(306,8,'economy',12,'D'),(478,8,'economy',12,'D'),(60,8,'economy',13,'A'),(167,8,'economy',13,'A'),(236,8,'economy',13,'A'),(306,8,'economy',13,'A'),(60,8,'economy',13,'B'),(237,8,'economy',13,'B'),(307,8,'economy',13,'B'),(60,8,'economy',13,'C'),(237,8,'economy',13,'C'),(308,8,'economy',13,'C'),(61,8,'economy',13,'D'),(238,8,'economy',13,'D'),(308,8,'economy',13,'D'),(61,8,'economy',14,'A'),(238,8,'economy',14,'A'),(308,8,'economy',14,'A'),(61,8,'economy',14,'B'),(238,8,'economy',14,'B'),(309,8,'economy',14,'B'),(61,8,'economy',14,'C'),(238,8,'economy',14,'C'),(309,8,'economy',14,'C'),(238,8,'economy',14,'D'),(309,8,'economy',14,'D'),(239,8,'economy',15,'A'),(309,8,'economy',15,'A'),(239,8,'economy',15,'B'),(309,8,'economy',15,'B'),(239,8,'economy',15,'C'),(309,8,'economy',15,'C'),(240,8,'economy',15,'D'),(310,8,'economy',15,'D'),(77,9,'economy',1,'A'),(252,9,'economy',1,'A'),(479,9,'economy',1,'A'),(77,9,'economy',1,'B'),(252,9,'economy',1,'B'),(479,9,'economy',1,'B'),(77,9,'economy',1,'C'),(252,9,'economy',1,'C'),(479,9,'economy',1,'C'),(77,9,'economy',1,'D'),(252,9,'economy',1,'D'),(480,9,'economy',1,'D'),(77,9,'economy',2,'A'),(253,9,'economy',2,'A'),(480,9,'economy',2,'A'),(78,9,'economy',2,'B'),(253,9,'economy',2,'B'),(480,9,'economy',2,'B'),(78,9,'economy',2,'C'),(253,9,'economy',2,'C'),(480,9,'economy',2,'C'),(79,9,'economy',2,'D'),(254,9,'economy',2,'D'),(480,9,'economy',2,'D'),(79,9,'economy',3,'A'),(255,9,'economy',3,'A'),(481,9,'economy',3,'A'),(79,9,'economy',3,'B'),(255,9,'economy',3,'B'),(481,9,'economy',3,'B'),(80,9,'economy',3,'C'),(255,9,'economy',3,'C'),(481,9,'economy',3,'C'),(80,9,'economy',3,'D'),(256,9,'economy',3,'D'),(481,9,'economy',3,'D'),(80,9,'economy',4,'A'),(256,9,'economy',4,'A'),(481,9,'economy',4,'A'),(80,9,'economy',4,'B'),(256,9,'economy',4,'B'),(482,9,'economy',4,'B'),(80,9,'economy',4,'C'),(256,9,'economy',4,'C'),(482,9,'economy',4,'C'),(81,9,'economy',4,'D'),(256,9,'economy',4,'D'),(482,9,'economy',4,'D'),(81,9,'economy',5,'A'),(257,9,'economy',5,'A'),(482,9,'economy',5,'A'),(81,9,'economy',5,'B'),(257,9,'economy',5,'B'),(482,9,'economy',5,'B'),(81,9,'economy',5,'C'),(257,9,'economy',5,'C'),(483,9,'economy',5,'C'),(82,9,'economy',5,'D'),(258,9,'economy',5,'D'),(483,9,'economy',5,'D'),(82,9,'economy',6,'A'),(258,9,'economy',6,'A'),(483,9,'economy',6,'A'),(82,9,'economy',6,'B'),(258,9,'economy',6,'B'),(483,9,'economy',6,'B'),(83,9,'economy',6,'C'),(258,9,'economy',6,'C'),(484,9,'economy',6,'C'),(83,9,'economy',6,'D'),(258,9,'economy',6,'D'),(484,9,'economy',6,'D'),(83,9,'economy',7,'A'),(258,9,'economy',7,'A'),(484,9,'economy',7,'A'),(84,9,'economy',7,'B'),(259,9,'economy',7,'B'),(484,9,'economy',7,'B'),(85,9,'economy',7,'C'),(259,9,'economy',7,'C'),(484,9,'economy',7,'C'),(85,9,'economy',7,'D'),(259,9,'economy',7,'D'),(484,9,'economy',7,'D'),(85,9,'economy',8,'A'),(259,9,'economy',8,'A'),(485,9,'economy',8,'A'),(260,9,'economy',8,'B'),(485,9,'economy',8,'B'),(260,9,'economy',8,'C'),(485,9,'economy',8,'C'),(260,9,'economy',8,'D'),(485,9,'economy',8,'D'),(260,9,'economy',9,'A'),(485,9,'economy',9,'A'),(260,9,'economy',9,'B'),(486,9,'economy',9,'B'),(261,9,'economy',9,'C'),(486,9,'economy',9,'C'),(261,9,'economy',9,'D'),(486,9,'economy',9,'D'),(261,9,'economy',10,'A'),(486,9,'economy',10,'A'),(261,9,'economy',10,'B'),(486,9,'economy',10,'B'),(261,9,'economy',10,'C'),(486,9,'economy',10,'C'),(261,9,'economy',10,'D'),(487,9,'economy',10,'D'),(262,9,'economy',11,'A'),(487,9,'economy',11,'A'),(487,9,'economy',11,'B'),(487,9,'economy',11,'C'),(487,9,'economy',11,'D'),(487,9,'economy',12,'A'),(488,9,'economy',12,'B'),(488,9,'economy',12,'C'),(488,9,'economy',12,'D'),(488,9,'economy',13,'A'),(488,9,'economy',13,'B'),(488,9,'economy',13,'C'),(489,9,'economy',13,'D'),(489,9,'economy',14,'A'),(489,9,'economy',14,'B'),(489,9,'economy',14,'C'),(489,9,'economy',14,'D'),(489,9,'economy',15,'A'),(490,9,'economy',15,'B'),(490,9,'economy',15,'C'),(490,9,'economy',15,'D'),(110,10,'economy',1,'A'),(280,10,'economy',1,'A'),(427,10,'economy',1,'A'),(491,10,'economy',1,'A'),(110,10,'economy',1,'B'),(280,10,'economy',1,'B'),(428,10,'economy',1,'B'),(491,10,'economy',1,'B'),(110,10,'economy',1,'C'),(280,10,'economy',1,'C'),(428,10,'economy',1,'C'),(491,10,'economy',1,'C'),(110,10,'economy',1,'D'),(280,10,'economy',1,'D'),(428,10,'economy',1,'D'),(492,10,'economy',1,'D'),(111,10,'economy',2,'A'),(280,10,'economy',2,'A'),(428,10,'economy',2,'A'),(492,10,'economy',2,'A'),(111,10,'economy',2,'B'),(281,10,'economy',2,'B'),(429,10,'economy',2,'B'),(493,10,'economy',2,'B'),(111,10,'economy',2,'C'),(281,10,'economy',2,'C'),(429,10,'economy',2,'C'),(493,10,'economy',2,'C'),(111,10,'economy',2,'D'),(281,10,'economy',2,'D'),(430,10,'economy',2,'D'),(493,10,'economy',2,'D'),(111,10,'economy',3,'A'),(281,10,'economy',3,'A'),(431,10,'economy',3,'A'),(494,10,'economy',3,'A'),(111,10,'economy',3,'B'),(281,10,'economy',3,'B'),(432,10,'economy',3,'B'),(495,10,'economy',3,'B'),(112,10,'economy',3,'C'),(281,10,'economy',3,'C'),(433,10,'economy',3,'C'),(495,10,'economy',3,'C'),(113,10,'economy',3,'D'),(282,10,'economy',3,'D'),(433,10,'economy',3,'D'),(495,10,'economy',3,'D'),(113,10,'economy',4,'A'),(282,10,'economy',4,'A'),(433,10,'economy',4,'A'),(495,10,'economy',4,'A'),(114,10,'economy',4,'B'),(282,10,'economy',4,'B'),(433,10,'economy',4,'B'),(495,10,'economy',4,'B'),(114,10,'economy',4,'C'),(282,10,'economy',4,'C'),(434,10,'economy',4,'C'),(496,10,'economy',4,'C'),(114,10,'economy',4,'D'),(282,10,'economy',4,'D'),(434,10,'economy',4,'D'),(497,10,'economy',4,'D'),(115,10,'economy',5,'A'),(283,10,'economy',5,'A'),(434,10,'economy',5,'A'),(497,10,'economy',5,'A'),(115,10,'economy',5,'B'),(283,10,'economy',5,'B'),(434,10,'economy',5,'B'),(497,10,'economy',5,'B'),(115,10,'economy',5,'C'),(283,10,'economy',5,'C'),(434,10,'economy',5,'C'),(497,10,'economy',5,'C'),(115,10,'economy',5,'D'),(283,10,'economy',5,'D'),(434,10,'economy',5,'D'),(497,10,'economy',5,'D'),(116,10,'economy',6,'A'),(283,10,'economy',6,'A'),(435,10,'economy',6,'A'),(498,10,'economy',6,'A'),(117,10,'economy',6,'B'),(283,10,'economy',6,'B'),(435,10,'economy',6,'B'),(499,10,'economy',6,'B'),(117,10,'economy',6,'C'),(284,10,'economy',6,'C'),(435,10,'economy',6,'C'),(499,10,'economy',6,'C'),(117,10,'economy',6,'D'),(284,10,'economy',6,'D'),(499,10,'economy',6,'D'),(118,10,'economy',7,'A'),(284,10,'economy',7,'A'),(499,10,'economy',7,'A'),(118,10,'economy',7,'B'),(284,10,'economy',7,'B'),(499,10,'economy',7,'B'),(118,10,'economy',7,'C'),(285,10,'economy',7,'C'),(500,10,'economy',7,'C'),(118,10,'economy',7,'D'),(285,10,'economy',7,'D'),(500,10,'economy',7,'D'),(118,10,'economy',8,'A'),(285,10,'economy',8,'A'),(500,10,'economy',8,'A'),(119,10,'economy',8,'B'),(285,10,'economy',8,'B'),(500,10,'economy',8,'B'),(119,10,'economy',8,'C'),(286,10,'economy',8,'C'),(501,10,'economy',8,'C'),(119,10,'economy',8,'D'),(286,10,'economy',8,'D'),(501,10,'economy',8,'D'),(119,10,'economy',9,'A'),(286,10,'economy',9,'A'),(501,10,'economy',9,'A'),(286,10,'economy',9,'B'),(501,10,'economy',9,'B'),(286,10,'economy',9,'C'),(501,10,'economy',9,'C'),(287,10,'economy',9,'D'),(501,10,'economy',9,'D'),(288,10,'economy',10,'A'),(502,10,'economy',10,'A'),(288,10,'economy',10,'B'),(502,10,'economy',10,'B'),(288,10,'economy',10,'C'),(502,10,'economy',10,'C'),(288,10,'economy',10,'D'),(502,10,'economy',10,'D'),(288,10,'economy',11,'A'),(502,10,'economy',11,'A'),(288,10,'economy',11,'B'),(503,10,'economy',11,'B'),(289,10,'economy',11,'C'),(503,10,'economy',11,'C'),(289,10,'economy',11,'D'),(503,10,'economy',11,'D'),(289,10,'economy',12,'A'),(503,10,'economy',12,'A'),(289,10,'economy',12,'B'),(503,10,'economy',12,'B'),(290,10,'economy',12,'C'),(503,10,'economy',12,'C'),(290,10,'economy',12,'D'),(504,10,'economy',12,'D'),(291,10,'economy',13,'A'),(504,10,'economy',13,'A'),(291,10,'economy',13,'B'),(504,10,'economy',13,'B'),(291,10,'economy',13,'C'),(504,10,'economy',13,'C'),(292,10,'economy',13,'D'),(504,10,'economy',13,'D'),(293,10,'economy',14,'A'),(504,10,'economy',14,'A'),(293,10,'economy',14,'B'),(505,10,'economy',14,'B'),(293,10,'economy',14,'C'),(506,10,'economy',14,'C'),(293,10,'economy',14,'D'),(506,10,'economy',14,'D'),(506,10,'economy',15,'A'),(506,10,'economy',15,'B'),(507,10,'economy',15,'C'),(507,10,'economy',15,'D');
/*!40000 ALTER TABLE `selected_seats_in_booking` ENABLE KEYS */;
UNLOCK TABLES;
/*!40103 SET TIME_ZONE=@OLD_TIME_ZONE */;

/*!40101 SET SQL_MODE=@OLD_SQL_MODE */;
/*!40014 SET FOREIGN_KEY_CHECKS=@OLD_FOREIGN_KEY_CHECKS */;
/*!40014 SET UNIQUE_CHECKS=@OLD_UNIQUE_CHECKS */;
/*!40101 SET CHARACTER_SET_CLIENT=@OLD_CHARACTER_SET_CLIENT */;
/*!40101 SET CHARACTER_SET_RESULTS=@OLD_CHARACTER_SET_RESULTS */;
/*!40101 SET COLLATION_CONNECTION=@OLD_COLLATION_CONNECTION */;
/*!40111 SET SQL_NOTES=@OLD_SQL_NOTES */;

-- Dump completed on 2026-01-14 20:12:51
